id,name,description,address,city,area,latitude,longitude,phone,website
c435dc89-9e5f-5ca4-938f-988210be1b34,Seasonal Tastes,,"The Westin, Main",,,23.7933656,90.4146485,,
63bd3b08-6d35-5912-9843-cdbdf8b89cce,Almajlis Arabian Restaurant | مطعم المجلس العربي,,"2nd Floor, Faisal Tower, 27 North C",,,23.7952571,90.4130772,,
2c46084e-f69b-59be-81a8-fe8470bc1fdf,Gulshan banani,,,,,23.7936205,90.4066004,,
38c9dda3-5649-572e-b911-7a171e9e9cd2,The New Gulshan Plaza Restaurant,,33 Rd 45,,,23.7936503,90.4143306,,
9ae6c9a6-69bc-501c-b6b3-e51bcb4b1e0a,Chef's Table - Gulshan 2,,Gulshan Centre P,,,23.7957308,90.4149481,,
27d8dee1-daa3-5431-8f9b-9c96b4d3a5a6,Woodhouse Grill Gulshan,,"Plot SW(I, Bay's",,,23.7775145,90.4163314,,
6f74590f-8a56-504b-9944-3b02773c3991,MANZO Restaurant Dhaka,,"2nd Floor, 114 Gu",,,23.7891724,90.4166786,,
c7ecf395-bd66-58c6-a89b-be6a9043f2c4,Garlic 'n Ginger Gulshan,,"10th floor, 42 Gulshan Ave",,,23.7797364,90.4171103,,
42e1385f-ad7c-5b54-8460-04616070e3ea,The Grove Bistro,,"Level 12, Hamid Tower, Gulshan C",,,23.7951945,90.4148383,,
a62b6af6-5c1d-5787-aa2d-ff066a40d3fb,Galito's Gulshan-2,,"House: 175/A, 17",,,23.8002619,90.4119515,,
36b90192-41a4-5227-9654-66d0da9d6da7,Oro Dhaka,,"6/A, Rangs FC 2 corner of Rd 32 a",,,23.7860817,90.4165866,,
57781c3a-77b4-540f-8cde-4c92e014f09f,Thai Emerald,,"1212, 4/B Road N",,,23.7774108,90.4157363,,
d0b25ef4-a811-5b95-a1b7-06578e0f041e,Yum Cha District,,60A Rd 131,,,23.7818071,90.4173639,,
2bd4ad9f-f190-5427-8fc9-80dea32030f8,Green & Pepper,,"House: 19, Rd 95",,,23.7936204,90.4163151,,
9bad97a8-0891-5f53-a6a8-29bad7786630,Herfy Gulshan,,"Ground Floor, 1st Floor, 1 Gulshan",,,23.7745015,90.4159932,,
840273ea-116b-57ea-81a4-97587663fa89,Fish & Co. (Gulshan 1),,Bay's 23 Gulshan,,,23.7773505,90.4163108,,
0b1cf7c8-02ba-5c06-9313-724350516f70,Bar.B.Q Tonight,,"Level #8, The Gra",,,23.7883339,90.4168659,,
d3dfc267-34d8-5740-a514-2ffb7629a576,Bistro-E,,"1st Floor NE (N,",,,23.7960897,90.4174215,,
1d8a3b83-b5a3-5ff6-b517-d033a1b226e7,Izakaya Gulshan,,"House 12/B, 5th Floor, Rd 55",,,23.798585,90.4123614,,
9ea2591f-6aea-5b80-9c0e-f72a9fbd52f6,Khao San - Gulshan,,"Level 1, House 1 Rd 23",,,23.7819231,90.4160159,,
c59e5468-752a-55d7-bd6a-3b2d6a3196b2,Hello Dhaka,,60/D Road:131,,,23.7818298,90.4177276,,
4f462e7b-b3bc-5d0b-aa20-3ad08d0597dd,Handi (Gulshan Branch),,"House no -108, G",,,23.789392,90.4161025,,
177c1e5f-f576-5f89-9ec2-e6149f4c4ab2,The Cafe Rio (Gulshan - 1),,"Tower , 7th floor,",,,23.7797363,90.4171114,,
9244a314-7524-533b-8563-201a539a87f3,"Spaghetti Jazz, Dhaka",,"Rob Bhaban. Plot 3 ( 4th floor) , Gu",,,23.7952438,90.4143379,,
3789498f-d919-5734-8944-234ce5f67152,Yumi at Sheraton Dhaka,,"Level 27, 44 Kem",,,23.7932755,90.4056541,,
1d0b152e-ccf2-5e4f-864d-ef15cb32d834,Takumi,,"Plot9 1st Floor, Zahirul Tower, 9 Rd",,,23.7897842,90.4194769,,
49de3cae-decb-55aa-907f-40f3509387ce,Beyond Buffet (Gulshan),,"7th Floor, Beyond",,,23.7923972,90.4158284,,
186d68dd-032e-5679-ad93-749ab57f9cf0,Zephyr Restaurant & Lounge,,"Catharsis Tower,",,,23.7916966,90.408034,,
b1243ac5-1860-5bfc-8abc-4ebb4623d03f,Sultan's Dine Gulshan Branch,,"1st floor, House: Informal place for",,,23.7948391,90.4133531,,
e748bc7e-2237-5536-b7e3-ad17a1663a5a,MOJA Korean Fusion Restaurant,,"11th Floor, Hamid Tower, Gulshan",,,23.7953106,90.4147699,,
68f148d6-1067-573f-9979-d61a226da4ee,O' Play Restaurant,,"Block H, House 36 Road No.7",,,23.7892403,90.4075315,,
9554a37c-8507-54b5-a385-86296393edfb,Khushboo Restaurant,,"House no 60/B, R",,,23.7818601,90.4174499,,
00eaab53-9d6b-5c06-9e8c-88f622dc7644,Nawab Chatga,,QCGG+XMR নাভ,,,23.7806519,90.4157662,,
7884d497-dc02-5e3e-91e1-67579348296e,Koreana Restaurant,,"House No, 22 Rd",,,23.7849814,90.4195508,,
52ddccee-63db-57bb-8171-194f082d52f6,Al-Amar Lebanese Cuisine Gulshan,,"Level 12, House",,,23.7860603,90.4167539,,
207559cc-a5c9-5da9-94e3-cc1c43acdc79,Flambe Restaurant,,Block-NW K Build,,,23.7951392,90.4101987,,
e58656a0-d9bd-589f-9d02-8be2b7ea6587,Grandiose Restaurant,,Dhaka Regency,,,23.8295017,90.4193467,,
d55c2384-4405-59ac-beee-8d7e63c94114,Goong The Castle,,"House no: 88, 12/B Rd No. 50",,,23.7972325,90.4104444,,
bfb00a92-aaa9-5e08-aebe-ccc548b77657,Pizza Inn Gulshan 1,,"House#74, Rd 12",,,23.7837637,90.4173482,,
4100f474-3c1a-5171-85a1-a20c3cb12781,Sajna Restaurant,,"House 14, House",,,23.7902795,90.4069719,,
f86d614d-8114-56c8-983d-e39bfbceeb1e,Turkish Bazaar & Restaurant,,"House 48/E, 131 Road No 13C",,,23.7918905,90.4067266,,
9d409c56-accf-56bc-b76a-848dad9c48b8,RUYI BARBECUE,,Plot-80 Gulshan Ave,,,23.7846417,90.4172643,,
52fee692-d278-5a3a-bc33-8ae60a821e66,Grand Buffet,,"H,13th & 14th Flo",,,23.7903824,90.406619,,
b7ab925a-9d7d-5a6c-b0da-8c811602cfab,Bunka: Oriental All-You-Can-Eat,,"13th Floor, Road",,,23.7947032,90.4193777,,
2329c62b-772b-5287-810e-08988bcaef4b,Cielo Rooftop - Gulshan,,35 Gulshan Ave,,,23.7806501,90.4172401,,
de672a3e-c8a5-5a71-b301-cdf8fb87330f,KHAZANA,,Plot#41 Rd 113,,,23.7887098,90.4178564,,
f059c0a5-cade-5b20-a596-c399d4b49813,Istanbul Restaurant Dhaka,,"QCW7+79W, Ho",,,23.7957609,90.4133504,,
b8c18aa8-60a4-53ea-b462-9f463ca2c2a1,Lahore by IKitchen,,Plot# 08 Rd 111,,,23.7901349,90.4169355,,
c87fd255-b85c-5ddf-a325-8301634f3814,Binni Restaurant,,Binni Restaurant,,,23.7813287,90.4172573,,
9cfe2ef2-222a-520e-81c7-ea8521e2a332,Lucknow Dhaka,,"Block- B, House-35 Rd No 18",,,23.7949329,90.4045274,,
588a5160-43a8-5323-8416-2998fd740271,BLUE SALT,,"orin tower, house 23 Rd No 113/A",,,23.7899648,90.4192239,,
b1f40da5-0b84-5477-ac55-70ca4225f180,Crowne Plaza Dhaka Gulshan Crowne Plaza Dhaka Gulshan,,Lane No 4,,,23.7946034,90.4137002,,
6ab6baab-270c-5b4a-a0fd-2ff0656618f3,"C House Milano, Bangladesh",,"House -19, 19 Rd",,,23.7939745,90.4164753,,
aaf7773d-2dfd-54c1-b7cd-4c82c5199974,Fools Diner,,"H.No, 67/C Rd N",,,23.790692,90.4076464,,
bc93c7b0-2d41-5a4d-9c6d-6f3eb6615f02,Prego,,"The Westin, Main",,,23.793223,90.414601,,
9fca1e6e-2b53-5e0e-91cd-5da7a76a7113,Sukumvit Thai Restaurant,,"Level-5, Elegant Tower, House-42 Rd 52",,,23.7949294,90.4132524,,
6fcb5fe5-8c6c-5029-9166-1c9747a8783f,Cricketer's Kitchen & Cafe,,"Road # 144 Gulshan Shooting, Clu",,,23.773539,90.4174151,,
3e9c9cff-9835-5cd7-9293-fb86a4c8c68b,"Mezzan Haile Aiun, Gulshan",,"1 House, 37 South Gulshan, Circle",,,23.7805798,90.4174604,,
4a6c85a5-8cf0-582a-883d-e670ac85be33,Bamboo shoot Gulshan,,"1st Floor, 101 Gulshan Ave",,,23.7886695,90.4161534,,
1d35a2be-0961-51e8-8c4a-ffdb4f5e1d6e,Teppanyaki Dhaka,,"2, Sanmar Tower, 4th & 5th Floor, 3",,,23.7938824,90.4132231,,
0583c5ea-421e-5714-bb19-15782aec20d5,Ajo Idea Space,,12 Rd 101,,,23.7937228,90.4184461,,
f32ee566-dd5b-5c18-b951-fd9e76319323,Secret Recipe Gulshan2 Flagship,,"CFC Building, 12",,,23.798562,90.4123134,,
664c711e-30f3-566d-b6dd-a8498b555f74,Takeout Gulshan,,Crystal Palace (L,,,23.7770049,90.4166953,,
3b91bbb8-4ca1-5f53-9be4-16f11c46f98c,Vrinda's Kitchen Gulshan,,,,,23.7995678,90.431669,,
32e83a3c-82f0-5ee5-8a57-72b9a1f355a4,The Red Chamber,,"Hamid Tower, 22",,,23.7951889,90.4148153,,
9cc11839-deec-5950-9a45-7aede25a9049,New Dhansiri Restaurant - Gulshan 2,,"Road #45, Plot #33, 1st floor, Guls",,,23.7937788,90.4142898,,
35c5cbfb-0408-55d4-bfc7-18f45f8a377d,Mezbaan Dine,,"Habib Market, 50 Gulshan Ave",,,23.7806605,90.4168954,,
b2d420fb-a9af-5617-800a-06efc0807d6a,Pizzaburg Gulshan,,"1st Floor, Plot: 09, Road: 21",,,23.7812708,90.4153306,,
79fd05c6-b586-52fd-ac85-f6f18e6a8cc7,China Garden Restaurant Ltd.,,House 14 Rd 101,,,23.7934603,90.4183207,,
6c28069e-03ed-5fe9-bb4b-e6b5828d4407,Purnima Restaurant - Gulshan - 1,,"50, Habib Market, Gulshan Avenue",,,23.7808142,90.4168854,,
733cb558-0d2f-5573-949b-00a19c5ffdcc,Chef's Table - Gulshan 1,,United House,,,23.7768976,90.4160541,,
30ce2453-9309-565e-b90d-f23917fa8ab4,Soi 71,,House-8 Rd 101,,,23.7931153,90.4182008,,
354740cc-5271-5c58-88bb-1ae49828b531,Adana Sofrasi,,"2nd Floor, Unit - B",,,23.7860817,90.4165866,,
78ea604b-5116-5b9f-b6d3-6daeafc9e6a8,Star Kabab & Restaurant,,"Block-C, House #15 Road #17",,,23.793236,90.4028755,,
657f576c-85a9-580b-b00f-df27ea67b799,Laughing Buddha,,"4th floor, 153/A Gulshan North Ave",,,23.7959676,90.4132913,,
6a27fe1a-d155-5901-a9b8-480d80ebe71f,"Ankur Healing Restaurant, Gulshan Lake Drive",,"65/5, Osman Gan",,,23.7935515,90.4220115,,
79d1176c-2b8b-50ce-a458-44604bf91f8f,Shaw's Steakhouse,,"House# 23/B, Rd 113",,,23.7888077,90.4205058,,
fd8701d4-1676-5ac3-8672-f951fdab32ba,Sky Pool Restaurant,,Six Seasons Hote,,,23.7949574,90.4186995,,
0b88a80d-fe31-5834-945e-174588562c4a,Kacchi Bhai - Gulshan,,Rd 45,,,23.7936503,90.4143306,,
4198bb8c-cf77-55fe-8422-b7cfa1df20ee,El Toro Mexican Restaurant,,H # 9/A R # 36,,,23.7929525,90.4141695,,
a5e28471-6820-5b18-93d7-234d09559d18,The White Canary Café,,"House no:, 12A R",,,23.7994169,90.4155821,,
5f275a84-c23b-558e-9a94-a992c6df667b,Baan Busaba,,22 DIT II Cir,,,23.7952758,90.4147493,,
8fe16435-918e-550f-a009-b8e8dc597162,Evviva Italian Ristorante,,"Level 4, 101 Gulshan Ave",,,23.7887406,90.416295,,
55119dc3-1fbd-5f53-af8c-ba1bf098c7f0,"Marina Cafe & Restaurant, Gulshan Lake View",,"House 1, Dhaka Division, road 3 B",,,23.7801086,90.4209799,,
be243c4f-ea56-5ccd-92fd-c19a84e5ea2e,Burger King | Gulshan 2,,"Gulshan Tower, P",,,23.7954556,90.4135152,,
1690bed7-2645-597c-af2d-54a8d17c26d9,PastaMania Bangladesh,,"Level 2, Chef's Ta",,,23.7955698,90.414716,,
58511fb1-fc83-5a7c-a395-15c30f23fc2f,Chows,,Plot 6 Rd No. 19/ Chic venue with d,,,23.7911315,90.4094666,,
2c5709ed-807c-5da1-b1d9-c149ffaec85b,Khalifa’s Restaurant,,House-2 Rd 21,,,23.7814515,90.415907,,
cc56f98d-87a7-5c87-81e2-d494b0eaf3be,Lounge Comida,,"House No.: 2, Road No. 22 & 23, G",,,23.7818584,90.4151687,,
dba37528-c9c5-52ae-95f4-f0867c0fc51e,Santoor Fusion Dining,,Road No. 11,,,23.7902408,90.4102761,,
226d521b-3482-5c6e-b347-b1ff249b369e,Jatra Biroti,,"House No, 63 Ro",,,23.7927891,90.4093005,,
f10c262f-bc4d-5c00-9556-354c89bdc32d,Kiva Han,,"1st floor House, 1",,,23.7819552,90.4158162,,
65dc379d-6157-5b32-9e3f-767ece971be3,"Cheong Shing Restaurant, Dhaka.",,Dhaka Rd No. 19/A,,,23.7925886,90.4095589,,
be0130cc-1995-504a-84d0-917144b5670f,Bukhara Restaurant,,"17th Floor, 42 Ke",,,23.7935901,90.4056861,,
f7cb73de-cf46-5fd9-92a2-c9353d3fd82f,Umai,,8 Rd No. 50,,,23.796943,90.4105417,,
bacb028d-89ce-5d93-a490-371ef313dbe9,Sura Korean Restaurant,,"6th Floor, Hamid Tower, Circle",,,23.7951976,90.4147202,,
ba5f0f76-a309-529d-910f-130ff3c4f31e,BurgerGo - Gulshan,,41 DIT II Cir,,,23.7952022,90.4132852,,
4f35ca36-0ac3-5876-9790-d4f495443eb4,Amaya Food Gallery at Amari Dhaka,,"Level-13, HOUSE",,,23.790456,90.4127423,,
58f60710-b2a1-589a-a6e5-2a2fd2f256bb,Laam,,QCV9+2J,,,23.7926332,90.4191136,,
443516ec-fa96-5efb-bf9c-0444ecfb0138,Fakhruddin Biriyani & Restaurant - Gulshan 1,,"37, South Gulshan, Circle-1",,,23.7805773,90.4173447,,
0f2f4ac6-1575-5b20-a2ea-392eafce4a1c,Kareem's Dhaka,,"Plot 1, 5th floor, Road No. 11",,,23.7911167,90.4016367,,
7ebbc394-4aad-54b1-800d-4a0a4ccfa9f2,Premium Sweets,,"Plot No.22, 2nd F",,,23.7952144,90.4146463,,
0e6e6e75-e37f-5029-a5dd-7ca791699605,Sushi Go,,,,,23.7941527,90.4114452,,
ed00f196-4678-5ff8-b2f6-f7b638588299,Madchef | Banani,,"5th Floor, Plot 47",,,23.7900096,90.4091706,,
c9ff5dd9-5285-5289-99cd-1b6f2e996fef,Raffinato Ristorante Italiano,,"H 9 H, 9 Rd 36",,,23.7930489,90.414286,,
4ed94a2e-693d-52e7-9947-d87f7ae105f3,American Burger | Gulshan 2,,Metropolitan Sho,,,23.7941913,90.4143124,,
8dfa1642-65cb-5221-8230-19ed46869133,Brio: Italian Restaurant,,"2nd Floor, House 10 Rd 53",,,23.7957609,90.4133504,,
afc8fad5-09e8-51bd-88a4-8e2eeff054f3,The Atrium Restaurant,,"50 & 52, Pragati A",,,23.8024957,90.4229298,,
27d1e839-6537-539c-ba6b-56fa453a2e1a,Jadu Bangla Restaurant,,"4, House 10 Road",,,23.7907094,90.4011959,,
183b7ceb-bbf9-56a5-bb57-37f8494c9a41,Olive Garden,,House 37 Rd Num,,,23.7867594,90.4138065,,
a81832bd-2aa9-5a5a-9b6c-7b71df1e8366,The Beast,,"Four Points by Sheraton Dhaka, G",,,23.79459,90.41395,,
536c17b8-c4ce-597f-9d45-af1581778546,Madchef & Cheez! Gulshan 1 (Cloud Kitchen),,"QCG9+627, Rd 137",,,23.7755422,90.4175583,,
ae75224d-2d8a-5ec1-82d8-01eee5e7ad8f,Halda Valley Tea Lounge,,"YN Center, Gulsh",,,23.7883139,90.417341,,
fbcc92f0-b8f0-5c9b-88fc-2c2ea60dcaaf,Cafe Mango,,Rd 131,,,23.7818886,90.4177249,,
366b640b-efbd-5680-96b3-4f31fed7d996,Paturi Banani,,"Block G, House N",,,23.7904975,90.4048496,,
d32219b2-b074-5c28-93d6-494e7cc356c6,Utshob Gulshan,,Gulshan Centre P,,,23.7958194,90.414931,,
d9c46286-b961-57c1-bc1a-3db72f08b8e0,Bahar,,Renaissance Dha,,,23.784365,90.417389,,
9f969a8b-bfad-58fa-9e3e-a1135f0758c5,Pizza Da Wali,,House-155 Gulsh,,,23.7965492,90.4133122,,
ea76ed39-eefc-5eb8-b296-4d36d93982aa,Aaheli Kabab and Chinese Restaurant,,"Plot-01, NI Tower",,,23.7929534,90.4066574,,
1209018d-984d-5e72-9ea1-18bd5a342275,Dhaba Banani,,House#91 Road No 13C,,,23.791675,90.4092343,,
a19d16ea-360d-581a-9bb5-433ddc0cecdc,Tree House,,"Banani 13/E , hou",,,23.7913392,90.4077514,,
c8348ce9-7dd2-5ce6-a3aa-2714af966209,Yoshi Banani,,"House:-94, Level: Ground Floor, R",,,23.7914753,90.4046279,,
932a72f8-7ae6-5ae7-bb1b-5eeac0a4dac7,Meat Theory,,"Tower B11, Level",,,23.7911131,90.4010529,,
125b83a6-e012-59ad-82d4-7d4727f4dd2b,Cielo Rooftop Banani,,99 Road No. 11,,,23.7911101,90.4029509,,
e69272ac-15bf-500b-906d-54693688c799,Rustic Eatery Banani,,"House 2 Road 8,",,,23.7925825,90.4043176,,
dab95e41-0f7c-5a67-a14f-4256bf37b743,Boho | Banani,,"11 Block D, Banani Bridge",,,23.7907794,90.4056252,,
a39efdfc-99ba-5f98-82ce-5bdadbd7a386,Woodhouse Grill Banani,,"Level 4, BTI Laur",,,23.7908477,90.4031427,,
2e00bc58-8c46-51f6-b30b-68967e06a3fe,Arrowhead Grill,,"Level 4, House 3",,,23.7907266,90.4041698,,
45cae320-ed5e-511c-af00-4ba416419a10,Roosters Peri Peri-Bangladesh,,"House 39, Suvas",,,23.7901164,90.4086285,,
c5c47050-54f2-53a2-8f3e-985b9a993663,Pagla Baburchi,,116 Road No. 11,,,23.7904054,90.4081286,,
8c7b3a4f-db4a-5ea7-a3fc-e956f7ee249e,Time Out,,"House, 77 Rd No",,,23.7922831,90.4092631,,
71b6226c-c988-5e0c-bce6-1b92b6b4d211,Travel East Banani,,25b Rd No 18,,,23.7959592,90.4051517,,
8c4db453-1743-5edf-8c1c-4b2861841809,Pan Tao Thai Cuisine,,"House No 42, Block- E, Road No 1",,,23.7920687,90.4080063,,
ace474c2-35ba-50ef-914f-9818df21f6fc,Texas Flame,,"House 25,8th Flo",,,23.790139,90.4081749,,
1214e34e-64b9-522e-90ca-f445019afd58,Takeout Banani,,"Plot No. 35, Abed",,,23.7931073,90.4057487,,
1b9c6bcd-8cf2-5bc7-af68-5e6612aeecf2,Herfy - Banani,,"Block C, Plot 52, Ground Floor, Ro",,,23.7912333,90.4020105,,
daf5744e-c698-513d-a840-a79dcd317f8a,Alfresco Banani,,"Tower-A, House",,,23.7935128,90.4037559,,
a303c5b7-75d4-5e12-886a-0c1dc413d769,Tu do Restaurant,,House- 59 Road No.7,,,23.7898093,90.4036356,,
97cf6bd8-16d2-56fc-aee7-08dfb7eee8b7,Steakout,,"5th Floor, Bay's B",,,23.7912658,90.4017411,,
1433170f-5fd9-5eca-a92e-27234b03b4c4,VOCA SILK,,"House: 61, Road: 15, Block: D",,,23.7915003,90.4058012,,
466c03b7-7c41-5613-a003-dcf4e3fea6c8,Amrit restaurant,,21 Road No. 17,,,23.7932824,90.4043256,,
ad37c71a-2496-563d-a1bd-eec8eb1972cf,Ruen Busaba,,"Block D, House 62 Rd 10",,,23.7913462,90.4061205,,
fd81bf05-aea8-599e-8fd2-234e79331966,The Garden Kitchen at Sheraton Dhaka,,44 Kemal Ataturk,,,23.7930616,90.4060697,,
a1e3d73b-66be-51e0-8ae3-e5834f817228,Haze,,"Green Delux, 67/D Road No. 11",,,23.7905017,90.407793,,
e8737f31-7a56-55c3-8d19-d478dd36887e,Boithok,,18 Rd No 4,,,23.7897829,90.4011234,,
b2c16a34-8c93-5ee5-8a31-9a9e47b9d511,Barcode Cafe,,House 55/B Rd N,,,23.7945957,90.4059036,,
784976f5-73e1-5bc2-aef9-fd9a3a4a8393,Chillox Banani,,"12 and 11, Intersection of road, 1st",,,23.790192,90.4080726,,
518f4b21-2f0e-511f-a9e9-9d8a859d2583,Terra Bistro (Banani),,"Block F, 52, 1213 Rd No. 11",,,23.7907791,90.4034878,,
f4b09c2b-2d3e-55b1-93e3-cd2680a5f845,dürüm - Turkish Doner (Banani),,"Floor House No. 84, 84 Skylark Ma",,,23.7908963,90.4041738,,
35de5a8a-b98f-56ad-a812-b9edd8d5bf43,Ginza,,"4th Floor, house",,,23.7901862,90.408032,,
970d89a1-db07-5428-ba99-112512d6dd82,Tarka,,Block H house 27,,,23.7899248,90.40814,,
004f35a2-d838-5355-b1a4-ba1a2d9debc3,VAULT | Modern Asian Restaurant,,Autograph Tower,,,23.7945249,90.404024,,
82e45ee8-b875-5bb3-9f41-f96ae62993dc,Khana's Banani,,"Block-E, 2nd Floor, House-116 Rd",,,23.7904551,90.408128,,
9da6035a-ddeb-5607-a0cf-5719cb6f44a7,Turkey Bliss,,"Plot 1, Level 2, Block F Road No. 1",,,23.7910913,90.4016749,,
c00ee887-2603-5d58-bc6c-eb6e1b0b1bd6,HAKKA DHAKA,,Navana Rowshan,,,23.7900594,90.4091277,,
c429349b-f64a-555d-8874-407464387289,Boomers Cafe,,"2nd Floor, A R Tower, 24 Kemal Ata",,,23.79378,90.4043527,,
0098bee2-5c4a-560a-aeb3-b43f6fb4c079,Cheez Banani,,"Block H, Navana",,,23.7900414,90.4091581,,
a7582b68-1b51-53ff-84a9-82e462cc0771,Jassica Spa,,"QCR3+GHX, Rd No 13A",,,23.7913708,90.4039814,,
74176171-7242-5442-9217-6cf5a35866c9,DUNE DHAKA,,"Block H, House 2",,,23.7899196,90.4081695,,
3662f421-c3e0-5307-a2b0-ef514005442b,KFD Express,,"1st Floor, House",,,23.7930596,90.4073008,,
03252fec-ccc5-5347-ae08-6bd21604bf50,Shiraj Chuigosto- Banani,,"Road-8, House-2",,,23.7929483,90.4043784,,
5c42ef60-385d-5e0c-9473-b03bae35052d,Cha Bagan,,55b Rd No # 21,,,23.7946024,90.4058933,,
fcae72fd-9490-5894-9803-892cab008bf0,Cilantro,,"House-52, Road Laid-back eatery",,,23.7894036,90.408207,,
e647c1e1-04b6-57fa-afec-0c5dc5378024,Food Engineering Banani,,"House 25, Level",,,23.7901573,90.4080679,,
33683444-5f2f-583b-8662-c70ae4073354,TRIBE Rooftop Lounge,,"Block F, 52 Rd No. 11",,,23.7907678,90.4035116,,
8cf4ecb3-1575-5dec-8545-57595dce573b,Coal & Coffee,,46 Kemal Ataturk Ave,,,23.7934925,90.4067037,,
ceb11e12-4937-5602-9464-39d4902d95a2,Ciao Dhaka,,House 18 Rd No,,,23.7898768,90.4068448,,
595e47b7-97fe-57c9-931e-8624eda7c5ba,Kindred Food Garden Banani,,"Block - C, Plot - 93 Road No. 6",,,23.7915925,90.402745,,
2b95d5ca-0666-50c3-9a5a-ca0d571f46cc,Burger King Banani,,"H.No: 104, 104 R",,,23.7910748,90.4035312,,
f6fdaa12-d3dd-5fc4-93a5-5bd4ec5fcdbd,Manzar Banani,,"House-123Rd No. 11, Urban Spoon, 12th Floor (Rooftop",,,23.7936832,90.4053768,,
1275d7ad-ed0e-5f61-8727-a325909e035f,Domino's Pizza Banani,,House-76/B Rd No. 11,,,23.7900565,90.4107216,,
a3599f17-903b-5337-9cdd-2c738ca9803d,Pizza Guy,,"2nd Floor, Genetic Point, House 25",,,23.7902003,90.4080468,,
4d2ebef2-7a60-5ec3-bc26-290764f5578c,Swade Bangladesh - স্বাদে বাংলাদেশ,,"Block D, House 3",,,23.7919322,90.4062177,,
54054cca-561f-5b1b-a422-3b0242230966,The Secret Garden Banani,,28 Rd No. 19/A,,,23.7924647,90.4094797,,
ee00b82d-5adf-578e-a98b-c2850e9aaa5c,Nori,,"Level - 8, House no, Bay's Bellavis",,,23.7913553,90.4017327,,
58c6b1d3-cb21-55bc-b17e-9d385d07a01e,"Japanese Restaurant ICHI in Banani, Dhaka.",,"House No 32, Le",,,23.7906659,90.4041404,,
951dd577-0041-5c51-a3c9-5868746b414b,Sushi Samurai,,House-100 Rd No. 11,,,23.7911021,90.4031759,,
7a12e33e-7485-5f11-adee-a002e7ad7bc1,BFC - Banani,,"House 25, Groun",,,23.7901885,90.4080516,,
5dd91301-5651-5861-a96d-bb96093b604b,Salam's Kitchen,,"Block- E, (1st Floor, House- 48 Roa",,,23.7918894,90.4068485,,
46ebfd05-3c92-5652-99f2-cf21ad3183a0,Khichuriwala,,"House 30, Block D Rd 10",,,23.792193,90.4062435,,
fbaa4d68-0098-500f-8edc-0c58814d9750,Uncle Bobo's Banani,,House-37 Rd No-15,,,23.7920074,90.4057971,,
324172e0-2e3b-5444-b669-db062b4eb33a,NAM,,House 18 Rd No 10A,,,23.789889,90.4068435,,
4be38bde-40cc-505a-9089-8df26a95dec1,Bibi Dhaba,,House-30 Road N,,,23.7925682,90.4066162,,
fa0eae63-f00f-5c2f-847e-b6709b1070ac,Waffle Up - Banani,,"Block E, House 135 Rd No. 13E",,,23.7914063,90.4075455,,
676af583-18a2-5577-8df3-c9c564976ae2,American Burger Banani,,24 Road No. 11,,,23.7908043,90.4052643,,
552bd834-3bb0-5650-b3b9-77cc25b522d8,Hungry Rooster - Banani,,House-90 Road No. 17/A,,,23.7919899,90.4092254,,
d45dfe5e-7fd8-581f-a56e-57fb0f133380,New Cathay,,72 Road No. 11,,,23.7909928,90.4050265,,
9846566c-51ae-51cf-81ca-262e09ae451c,Kebabzz Banani,,"Plot - 43, Block - F Rd No. 11",,,23.7911043,90.4010443,,
d119dfd8-913c-5825-bdaf-ff4fdc034b4a,"Mezzan Haile Aiun, Dhaka",,"BTA Tower, 29, R",,,23.7932094,90.4048241,,
ecbfc94d-5334-53b7-a3e9-f0ef837356a9,Great Britain Fish n Chips,,"QCR4+XJ7, Hou",,,23.7923622,90.4065,,
fc4303c5-96cc-5e73-9693-2e32c1beb026,Attin Arabian Restaurant,,House 9 Road No,,,23.7960337,90.4079723,,
c9a80b92-b6e5-5101-bc47-88d77ed7a91e,Pizza Inn Banani,,ANZ HUQ ELEVE,,,23.7904278,90.4066402,,
7bbd6b2d-ed06-55c4-b97d-5bb576361ef7,Chokka,,"Block C, House 93 Road No. 6",,,23.7915677,90.4028146,,
0d158e89-0f15-5917-9a6f-77a2ac3c4a1f,Lakeshore Suites,,,,,23.7913191,90.404474,,
344b9bf0-9de6-5181-83e2-e2549284efde,Burgwich TOWN Dhaka,,55 Rd No # 21,,,23.7945726,90.4058699,,
a49e8bfb-87c0-56f3-b131-cd1b9356b32d,New Gold Star Restora,,"House- 33, Road- 17, Block- B, Ba",,,23.7928734,90.4079305,,
03ffa125-9f2f-5b91-8223-0335a5ff78d3,Pizza Hut Banani,,"House no 50, Po",,,23.7913006,90.4017486,,
8edb8704-90a9-5783-bd84-45d69d04b76b,QD's,,House 1 ĺরাড নং ১১,,,23.7911662,90.4016497,,
b2c2bf55-97b5-5e9c-960a-bc7945b1bc26,KFC Banani,,Bulu Ocean Towe,,,23.7935805,90.4053793,,
6321d715-7961-5416-a0ac-16cd233488ad,Tehari Baba,,House 37 Rd 12,,,23.7927787,90.4081802,,
c430db4d-21d5-555d-a76d-df1b870f4db6,CAF,,"Block-K, Café CA",,,23.7934875,90.4036701,,
3de02aee-b41a-51af-a68e-28aa5533682f,Waza,,"House 71 Block D, Road No. 11",,,23.7907867,90.4056791,,
c9db7622-6e78-523d-b56b-56ebf5a392d1,Chilis,,76a Rd No. 11 Lively chain for T,,,23.7902075,90.4102144,,
16c6c3ee-70ef-548e-9d08-eadb08b74a57,Koyla Restaurant & Kebab,,411 Bir Uttam Mir,,,23.7710495,90.4112127,,
162f44e2-9a74-5c72-aabe-303d4c675712,Bluemoon Recreation Club,,"Plot 67/D, 3rd Flo",,,23.7905967,90.4078082,,
2886b6e5-ad71-5479-822b-007145d3e65c,G.O.A.T,,"Block:-E, House:-47 Rd No:-13",,,23.7914866,90.4071097,,