id,restaurant_id,source_type,source_identifier,source_url
f4dcf5c7-ecf4-56e1-a3ae-c5419e5e0073,c435dc89-9e5f-5ca4-938f-988210be1b34,GOOGLE_PLACES,ChIJnZL9x7XHVTcRjmRUVqzzp2s,https://www.google.com/maps/place/Seasonal+Tastes/data=!4m7!3m6!1s0x3755c7b5c7fd929d:0x6ba7f3ac5654648e!8m2!3d23.7933656!4d90.4146485!16s%2Fg%2F11fkn0mzrx!19sChIJnZL9x7XHVTcRjmRUVqzzp2s?authuser=0&hl=en&rclk=1
a5611d73-f654-5936-895f-4481e11b2f05,63bd3b08-6d35-5912-9843-cdbdf8b89cce,GOOGLE_PLACES,ChIJNYCUDQDHVTcRbZ-EG2mgl3o,https://www.google.com/maps/place/Almajlis+Arabian+Restaurant+%7C+%D9%85%D8%B7%D8%B9%D9%85+%D8%A7%D9%84%D9%85%D8%AC%D9%84%D8%B3+%D8%A7%D9%84%D8%B9%D8%B1%D8%A8%D9%8A%E2%80%AD/data=!4m7!3m6!1s0x3755c7000d948035:0x7a97a0691b849f6d!8m2!3d23.7952571!4d90.4130772!16s%2Fg%2F11y9b6v1tn!19sChIJNYCUDQDHVTcRbZ-EG2mgl3o?authuser=0&hl=en&rclk=1
5ad8bf75-79cd-5030-9504-b95702bdc91d,2c46084e-f69b-59be-81a8-fe8470bc1fdf,GOOGLE_PLACES,ChIJserEPgDHVTcRxjCuwNRSbc8,https://www.google.com/maps/place/Gulshan+banani/data=!4m7!3m6!1s0x3755c7003ec4eab1:0xcf6d52d4c0ae30c6!8m2!3d23.7936205!4d90.4066004!16s%2Fg%2F11zbdmmh9r!19sChIJserEPgDHVTcRxjCuwNRSbc8?authuser=0&hl=en&rclk=1
39bbd4cd-3614-5943-8f97-425a00700dcc,38c9dda3-5649-572e-b911-7a171e9e9cd2,GOOGLE_PLACES,ChIJ7_UxHafHVTcRHWbnbvsqFfk,https://www.google.com/maps/place/The+New+Gulshan+Plaza+Restaurant/data=!4m7!3m6!1s0x3755c7a71d31f5ef:0xf9152afb6ee7661d!8m2!3d23.7936503!4d90.4143306!16s%2Fg%2F11c6v4zyys!19sChIJ7_UxHafHVTcRHWbnbvsqFfk?authuser=0&hl=en&rclk=1
500e3e30-37b9-5f2e-9244-d1b1033cad4f,9ae6c9a6-69bc-501c-b6b3-e51bcb4b1e0a,GOOGLE_PLACES,ChIJaUObm0LHVTcRKSVUsPI3CbE,https://www.google.com/maps/place/Chef%27s+Table+-+Gulshan+2/data=!4m7!3m6!1s0x3755c7429b9b4369:0xb10937f2b0542529!8m2!3d23.7957308!4d90.4149481!16s%2Fg%2F11f7bgg1tf!19sChIJaUObm0LHVTcRKSVUsPI3CbE?authuser=0&hl=en&rclk=1
188baf97-b80f-5d72-9ec1-e00d05f77b48,27d8dee1-daa3-5431-8f9b-9c96b4d3a5a6,GOOGLE_PLACES,ChIJI_9ReADHVTcR6N0ZG11vq04,https://www.google.com/maps/place/Woodhouse+Grill+Gulshan/data=!4m7!3m6!1s0x3755c7007851ff23:0x4eab6f5d1b19dde8!8m2!3d23.7775145!4d90.4163314!16s%2Fg%2F11y8l_2xvr!19sChIJI_9ReADHVTcR6N0ZG11vq04?authuser=0&hl=en&rclk=1
a7343c64-25cc-58c1-85c0-0adb22a6d520,6f74590f-8a56-504b-9944-3b02773c3991,GOOGLE_PLACES,ChIJlY28dvnHVTcRiPHaNsL-p9A,https://www.google.com/maps/place/MANZO+Restaurant+Dhaka/data=!4m7!3m6!1s0x3755c7f976bc8d95:0xd0a7fec236daf188!8m2!3d23.7891724!4d90.4166786!16s%2Fg%2F11srwxxjhs!19sChIJlY28dvnHVTcRiPHaNsL-p9A?authuser=0&hl=en&rclk=1
e3950a09-f950-57df-af66-7c83d21c6c53,c7ecf395-bd66-58c6-a89b-be6a9043f2c4,GOOGLE_PLACES,ChIJu35oXenHVTcRcydkf2aMH1M,https://www.google.com/maps/place/Garlic+%27n+Ginger+Gulshan/data=!4m7!3m6!1s0x3755c7e95d687ebb:0x531f8c667f642773!8m2!3d23.7797364!4d90.4171103!16s%2Fg%2F11nyc54r4x!19sChIJu35oXenHVTcRcydkf2aMH1M?authuser=0&hl=en&rclk=1
99d6d7f7-54c8-5c11-89e4-5868460c7a33,42e1385f-ad7c-5b54-8460-04616070e3ea,GOOGLE_PLACES,ChIJq_cfY-jHVTcRvjrTY_JEoiA,https://www.google.com/maps/place/The+Grove+Bistro/data=!4m7!3m6!1s0x3755c7e8631ff7ab:0x20a244f263d33abe!8m2!3d23.7951945!4d90.4148383!16s%2Fg%2F11hdphyhhj!19sChIJq_cfY-jHVTcRvjrTY_JEoiA?authuser=0&hl=en&rclk=1
9e285e2c-9fad-566e-acbe-465b954f8cd0,a62b6af6-5c1d-5787-aa2d-ff066a40d3fb,GOOGLE_PLACES,ChIJh6VYeCnHVTcRFAe-Wz2a9T8,https://www.google.com/maps/place/Galito%27s+Gulshan-2/data=!4m7!3m6!1s0x3755c7297858a587:0x3ff59a3d5bbe0714!8m2!3d23.8002619!4d90.4119515!16s%2Fg%2F11tg491hds!19sChIJh6VYeCnHVTcRFAe-Wz2a9T8?authuser=0&hl=en&rclk=1
a92cc79f-ff84-5864-a9fb-2d7bdd3f232e,36b90192-41a4-5227-9654-66d0da9d6da7,GOOGLE_PLACES,ChIJ-eDSBdjHVTcRuC8K-0NyeyU,https://www.google.com/maps/place/Oro+Dhaka/data=!4m7!3m6!1s0x3755c7d805d2e0f9:0x257b7243fb0a2fb8!8m2!3d23.7860817!4d90.4165866!16s%2Fg%2F11hyvklgs7!19sChIJ-eDSBdjHVTcRuC8K-0NyeyU?authuser=0&hl=en&rclk=1
854607b9-1c0c-51c9-b365-69044b750308,57781c3a-77b4-540f-8cde-4c92e014f09f,GOOGLE_PLACES,ChIJyS_C95zHVTcRma-MxvTQ-OQ,https://www.google.com/maps/place/Thai+Emerald/data=!4m7!3m6!1s0x3755c79cf7c22fc9:0xe4f8d0f4c68caf99!8m2!3d23.7774108!4d90.4157363!16s%2Fg%2F11cn8s428k!19sChIJyS_C95zHVTcRma-MxvTQ-OQ?authuser=0&hl=en&rclk=1
712bf239-7e7a-5b45-8a92-964b9c348d32,d0b25ef4-a811-5b95-a1b7-06578e0f041e,GOOGLE_PLACES,ChIJm6wwbO3HVTcRA8XxbZa-n8k,https://www.google.com/maps/place/Yum+Cha+District/data=!4m7!3m6!1s0x3755c7ed6c30ac9b:0xc99fbe966df1c503!8m2!3d23.7818071!4d90.4173639!16s%2Fg%2F11q2yfvjym!19sChIJm6wwbO3HVTcRA8XxbZa-n8k?authuser=0&hl=en&rclk=1
cc48bb09-fd3d-5fc6-8e49-6496321348a9,2bd4ad9f-f190-5427-8fc9-80dea32030f8,GOOGLE_PLACES,ChIJw5yuQ_HHVTcR08y8sKrk3rQ,https://www.google.com/maps/place/Green+%26+Pepper/data=!4m7!3m6!1s0x3755c7f143ae9cc3:0xb4dee4aab0bcccd3!8m2!3d23.7936204!4d90.4163151!16s%2Fg%2F11vjjcqd0x!19sChIJw5yuQ_HHVTcR08y8sKrk3rQ?authuser=0&hl=en&rclk=1
1e0da277-a870-51d2-b0d5-97ea14a9bfd5,9bad97a8-0891-5f53-a6a8-29bad7786630,GOOGLE_PLACES,ChIJlT29NYPHVTcRbdqfrfAL_mE,https://www.google.com/maps/place/Herfy+Gulshan/data=!4m7!3m6!1s0x3755c78335bd3d95:0x61fe0bf0ad9fda6d!8m2!3d23.7745015!4d90.4159932!16s%2Fg%2F11g8zb_7tn!19sChIJlT29NYPHVTcRbdqfrfAL_mE?authuser=0&hl=en&rclk=1
8b14a6a5-2fca-5e55-8e9e-84f596b9e653,840273ea-116b-57ea-81a4-97587663fa89,GOOGLE_PLACES,ChIJk6cXhSDHVTcRekWTynwnAFQ,https://www.google.com/maps/place/Fish+%26+Co.+%28Gulshan+1%29/data=!4m7!3m6!1s0x3755c7208517a793:0x5400277cca93457a!8m2!3d23.7773505!4d90.4163108!16s%2Fg%2F11bbwncmgl!19sChIJk6cXhSDHVTcRekWTynwnAFQ?authuser=0&hl=en&rclk=1
f7700359-db0d-53a1-86dd-c4b8346fa97f,0b1cf7c8-02ba-5c06-9313-724350516f70,GOOGLE_PLACES,ChIJmS6n45vHVTcRYH-X4hNpkxI,https://www.google.com/maps/place/Bar.B.Q+Tonight/data=!4m7!3m6!1s0x3755c79be3a72e99:0x12936913e2977f60!8m2!3d23.7883339!4d90.4168659!16s%2Fg%2F11g7zggv3d!19sChIJmS6n45vHVTcRYH-X4hNpkxI?authuser=0&hl=en&rclk=1
09cd4319-2e72-5f85-9f79-1ca207f1018a,d3dfc267-34d8-5740-a514-2ffb7629a576,GOOGLE_PLACES,ChIJT-gS16XHVTcRQkCGw_OYY4M,https://www.google.com/maps/place/Bistro-E/data=!4m7!3m6!1s0x3755c7a5d712e84f:0x836398f3c3864042!8m2!3d23.7960897!4d90.4174215!16s%2Fg%2F11bvt4nslb!19sChIJT-gS16XHVTcRQkCGw_OYY4M?authuser=0&hl=en&rclk=1
337b5fb5-435f-551a-a96c-a18e0658b8b1,1d8a3b83-b5a3-5ff6-b517-d033a1b226e7,GOOGLE_PLACES,ChIJNw8BWgDHVTcRgf--fLJHRuA,https://www.google.com/maps/place/Izakaya+Gulshan/data=!4m7!3m6!1s0x3755c7005a010f37:0xe04647b27cbeff81!8m2!3d23.798585!4d90.4123614!16s%2Fg%2F11xfhfj76s!19sChIJNw8BWgDHVTcRgf--fLJHRuA?authuser=0&hl=en&rclk=1
89edffc1-aefd-56f2-b76e-926fce45db5e,9ea2591f-6aea-5b80-9c0e-f72a9fbd52f6,GOOGLE_PLACES,ChIJ3_swnB3HVTcR1MKDm33c3UU,https://www.google.com/maps/place/Khao+San+-+Gulshan/data=!4m7!3m6!1s0x3755c71d9c30fbdf:0x45dddc7d9b83c2d4!8m2!3d23.7819231!4d90.4160159!16s%2Fg%2F11vt0k8y82!19sChIJ3_swnB3HVTcR1MKDm33c3UU?authuser=0&hl=en&rclk=1
9685594e-0202-55c5-9271-576baf4b3538,c59e5468-752a-55d7-bd6a-3b2d6a3196b2,GOOGLE_PLACES,ChIJMQ4nJ0vHVTcRCR5cCgi82pU,https://www.google.com/maps/place/Hello+Dhaka/data=!4m7!3m6!1s0x3755c74b27270e31:0x95dabc080a5c1e09!8m2!3d23.7818298!4d90.4177276!16s%2Fg%2F11qr_nfs7w!19sChIJMQ4nJ0vHVTcRCR5cCgi82pU?authuser=0&hl=en&rclk=1
1a5ae577-381f-5e0b-82d1-2cf4a2ab7034,4f462e7b-b3bc-5d0b-aa20-3ad08d0597dd,GOOGLE_PLACES,ChIJofE_0abHVTcRlHbzq-zXArg,https://www.google.com/maps/place/Handi+%28Gulshan+Branch%29/data=!4m7!3m6!1s0x3755c7a6d13ff1a1:0xb802d7ecabf37694!8m2!3d23.789392!4d90.4161025!16s%2Fg%2F11bxfwdjw1!19sChIJofE_0abHVTcRlHbzq-zXArg?authuser=0&hl=en&rclk=1
7760ba9c-4ae2-5948-95a1-52837e4c3ce2,177c1e5f-f576-5f89-9ec2-e6149f4c4ab2,GOOGLE_PLACES,ChIJ45BTeSvHVTcRf-X1fgD0LbU,https://www.google.com/maps/place/The+Cafe+Rio+%28Gulshan+-+1%29/data=!4m7!3m6!1s0x3755c72b795390e3:0xb52df4007ef5e57f!8m2!3d23.7797363!4d90.4171114!16s%2Fg%2F11snrx_ndc!19sChIJ45BTeSvHVTcRf-X1fgD0LbU?authuser=0&hl=en&rclk=1
c072e6db-2dd6-5665-8ee5-8a23edd9bcb8,9244a314-7524-533b-8563-201a539a87f3,GOOGLE_PLACES,ChIJ67TK-KbHVTcRlHXNbYcn9RM,"https://www.google.com/maps/place/Spaghetti+Jazz,+Dhaka/data=!4m7!3m6!1s0x3755c7a6f8cab4eb:0x13f527876dcd7594!8m2!3d23.7952438!4d90.4143379!16s%2Fg%2F1ts3czt9!19sChIJ67TK-KbHVTcRlHXNbYcn9RM?authuser=0&hl=en&rclk=1"
f0eb55b1-5f7b-5897-819e-b2a5686cfece,3789498f-d919-5734-8944-234ce5f67152,GOOGLE_PLACES,ChIJY4LXWcvHVTcR_nqOaCwb5qo,https://www.google.com/maps/place/Yumi+at+Sheraton+Dhaka/data=!4m7!3m6!1s0x3755c7cb59d78263:0xaae61b2c688e7afe!8m2!3d23.7932755!4d90.4056541!16s%2Fg%2F11rqytcssz!19sChIJY4LXWcvHVTcR_nqOaCwb5qo?authuser=0&hl=en&rclk=1
c846b5ec-3f6e-59b1-9fd4-aabbc9d80eee,1d0b152e-ccf2-5e4f-864d-ef15cb32d834,GOOGLE_PLACES,ChIJsYCFYgXHVTcR67cL-A0s6qM,https://www.google.com/maps/place/Takumi/data=!4m7!3m6!1s0x3755c705628580b1:0xa3ea2c0df80bb7eb!8m2!3d23.7897842!4d90.4194769!16s%2Fg%2F11q946b58j!19sChIJsYCFYgXHVTcR67cL-A0s6qM?authuser=0&hl=en&rclk=1
3357285a-0af7-577f-a7f8-7076cef071c8,49de3cae-decb-55aa-907f-40f3509387ce,GOOGLE_PLACES,ChIJ2Vv6YHzHVTcRLP4-fOtV4xE,https://www.google.com/maps/place/Beyond+Buffet+%28Gulshan%29/data=!4m7!3m6!1s0x3755c77c60fa5bd9:0x11e355eb7c3efe2c!8m2!3d23.7923972!4d90.4158284!16s%2Fg%2F11r16cwsmd!19sChIJ2Vv6YHzHVTcRLP4-fOtV4xE?authuser=0&hl=en&rclk=1
afb31f5c-d41d-5bb2-9701-89b1259d500d,186d68dd-032e-5679-ad93-749ab57f9cf0,GOOGLE_PLACES,ChIJ3Rfz0tPHVTcRa8b9E3f72rg,https://www.google.com/maps/place/Zephyr+Restaurant+%26+Lounge/data=!4m7!3m6!1s0x3755c7d3d2f317dd:0xb8dafb7713fdc66b!8m2!3d23.7916966!4d90.408034!16s%2Fg%2F11tcs16nch!19sChIJ3Rfz0tPHVTcRa8b9E3f72rg?authuser=0&hl=en&rclk=1
b0810642-dfc1-5cf5-871e-0a61ec3826fc,b1243ac5-1860-5bfc-8abc-4ebb4623d03f,GOOGLE_PLACES,ChIJhZiGChHHVTcRhRkX3Sj5juU,https://www.google.com/maps/place/Sultan%27s+Dine+Gulshan+Branch/data=!4m7!3m6!1s0x3755c7110a869885:0xe58ef928dd171985!8m2!3d23.7948391!4d90.4133531!16s%2Fg%2F11h08nqby8!19sChIJhZiGChHHVTcRhRkX3Sj5juU?authuser=0&hl=en&rclk=1
ee4df3fa-a765-5ad9-b14f-e28148ab13ad,e748bc7e-2237-5536-b7e3-ad17a1663a5a,GOOGLE_PLACES,ChIJp_UcKQDHVTcRfQ697TV74U8,https://www.google.com/maps/place/MOJA+Korean+Fusion+Restaurant/data=!4m7!3m6!1s0x3755c700291cf5a7:0x4fe17b35edbd0e7d!8m2!3d23.7953106!4d90.4147699!16s%2Fg%2F11x2pyll6j!19sChIJp_UcKQDHVTcRfQ697TV74U8?authuser=0&hl=en&rclk=1
5883acd0-5544-5b3f-8051-52112827d5c0,68f148d6-1067-573f-9979-d61a226da4ee,GOOGLE_PLACES,ChIJl6reR_nHVTcRXNlJsQy3Z3w,https://www.google.com/maps/place/O%27+Play+Restaurant/data=!4m7!3m6!1s0x3755c7f947deaa97:0x7c67b70cb149d95c!8m2!3d23.7892403!4d90.4075315!16s%2Fg%2F11fkd_9gdg!19sChIJl6reR_nHVTcRXNlJsQy3Z3w?authuser=0&hl=en&rclk=1
a3414b04-371b-5661-b049-61b281865a57,9554a37c-8507-54b5-a385-86296393edfb,GOOGLE_PLACES,ChIJ0aelS5nHVTcR-KdDPPUdscM,https://www.google.com/maps/place/Khushboo+Restaurant/data=!4m7!3m6!1s0x3755c7994ba5a7d1:0xc3b11df53c43a7f8!8m2!3d23.7818601!4d90.4174499!16s%2Fg%2F11bxfqxdbw!19sChIJ0aelS5nHVTcR-KdDPPUdscM?authuser=0&hl=en&rclk=1
ab3b7342-aca2-5a3e-99f5-0feb449ccb89,00eaab53-9d6b-5c06-9e8c-88f622dc7644,GOOGLE_PLACES,ChIJKUoKnp7HVTcRGb4g4dIN0Mw,https://www.google.com/maps/place/Nawab+Chatga/data=!4m7!3m6!1s0x3755c79e9e0a4a29:0xccd00dd2e120be19!8m2!3d23.7806519!4d90.4157662!16s%2Fg%2F11bxfj698j!19sChIJKUoKnp7HVTcRGb4g4dIN0Mw?authuser=0&hl=en&rclk=1
9cbfed12-50d6-5f72-b2be-7db01e6b10b0,7884d497-dc02-5e3e-91e1-67579348296e,GOOGLE_PLACES,ChIJiWKsi6LHVTcRAdQbyrcx0FE,https://www.google.com/maps/place/Koreana+Restaurant/data=!4m7!3m6!1s0x3755c7a28bac6289:0x51d031b7ca1bd401!8m2!3d23.7849814!4d90.4195508!16s%2Fg%2F1trxc1js!19sChIJiWKsi6LHVTcRAdQbyrcx0FE?authuser=0&hl=en&rclk=1
828f738c-06bc-58da-ab92-d9970f8ddc63,52ddccee-63db-57bb-8171-194f082d52f6,GOOGLE_PLACES,ChIJ-QsC0evHVTcRwLZIYjd2ktM,https://www.google.com/maps/place/Al-Amar+Lebanese+Cuisine+Gulshan/data=!4m7!3m6!1s0x3755c7ebd1020bf9:0xd39276376248b6c0!8m2!3d23.7860603!4d90.4167539!16s%2Fg%2F11rg13wlqg!19sChIJ-QsC0evHVTcRwLZIYjd2ktM?authuser=0&hl=en&rclk=1
f162edf3-e633-5cb7-a7d4-b1e8e00d3edc,207559cc-a5c9-5da9-94e3-cc1c43acdc79,GOOGLE_PLACES,ChIJkQ1orAnHVTcRMueM5-OXOhM,https://www.google.com/maps/place/Flambe+Restaurant/data=!4m7!3m6!1s0x3755c709ac680d91:0x133a97e3e78ce732!8m2!3d23.7951392!4d90.4101987!16s%2Fg%2F11f_q_ld_l!19sChIJkQ1orAnHVTcRMueM5-OXOhM?authuser=0&hl=en&rclk=1
edbdb516-6465-5465-ac86-29ddaaf74573,e58656a0-d9bd-589f-9d02-8be2b7ea6587,GOOGLE_PLACES,ChIJQ4ZdZFzGVTcRiuxPkf3fE5Y,https://www.google.com/maps/place/Grandiose+Restaurant/data=!4m7!3m6!1s0x3755c65c645d8643:0x9613dffd914fec8a!8m2!3d23.8295017!4d90.4193467!16s%2Fg%2F1ptyf127b!19sChIJQ4ZdZFzGVTcRiuxPkf3fE5Y?authuser=0&hl=en&rclk=1
017f8d06-876d-5ad3-b2c8-c8d12b31cdfa,d55c2384-4405-59ac-beee-8d7e63c94114,GOOGLE_PLACES,ChIJBYNHeQjHVTcRYwLta8_Ucxs,https://www.google.com/maps/place/Goong+The+Castle/data=!4m7!3m6!1s0x3755c70879478305:0x1b73d4cf6bed0263!8m2!3d23.7972325!4d90.4104444!16s%2Fg%2F11c74dv98m!19sChIJBYNHeQjHVTcRYwLta8_Ucxs?authuser=0&hl=en&rclk=1
fd676e0f-e3c6-5ef1-9d86-ce5a45007d49,bfb00a92-aaa9-5e08-aebe-ccc548b77657,GOOGLE_PLACES,ChIJ52qDzOfHVTcR4YQgBGNcpYU,https://www.google.com/maps/place/Pizza+Inn+Gulshan+1/data=!4m7!3m6!1s0x3755c7e7cc836ae7:0x85a55c63042084e1!8m2!3d23.7837637!4d90.4173482!16s%2Fg%2F11gmz7j31d!19sChIJ52qDzOfHVTcR4YQgBGNcpYU?authuser=0&hl=en&rclk=1
30756bfb-87f4-5936-9fe9-70d72021880d,4100f474-3c1a-5171-85a1-a20c3cb12781,GOOGLE_PLACES,ChIJi8lobwzHVTcRgDqqd7vH9To,https://www.google.com/maps/place/Sajna+Restaurant/data=!4m7!3m6!1s0x3755c70c6f68c98b:0x3af5c7bb77aa3a80!8m2!3d23.7902795!4d90.4069719!16s%2Fg%2F11cjnp1wz4!19sChIJi8lobwzHVTcRgDqqd7vH9To?authuser=0&hl=en&rclk=1
1a33d112-60d0-5334-82ed-f29ae08c0ef1,f86d614d-8114-56c8-983d-e39bfbceeb1e,GOOGLE_PLACES,ChIJHw39IAzHVTcRT9mGboX4xko,https://www.google.com/maps/place/Turkish+Bazaar+%26+Restaurant/data=!4m7!3m6!1s0x3755c70c20fd0d1f:0x4ac6f8856e86d94f!8m2!3d23.7918905!4d90.4067266!16s%2Fg%2F11g_h748g!19sChIJHw39IAzHVTcRT9mGboX4xko?authuser=0&hl=en&rclk=1
29cab118-1beb-52e8-8be5-f3fed5d768ac,9d409c56-accf-56bc-b76a-848dad9c48b8,GOOGLE_PLACES,ChIJiZpHQgDHVTcR7nVqK9klPt4,https://www.google.com/maps/place/RUYI+BARBECUE/data=!4m7!3m6!1s0x3755c70042479a89:0xde3e25d92b6a75ee!8m2!3d23.7846417!4d90.4172643!16s%2Fg%2F11wtzw0069!19sChIJiZpHQgDHVTcR7nVqK9klPt4?authuser=0&hl=en&rclk=1
1274474b-03cb-541f-a63f-4ad20db7fdb3,52fee692-d278-5a3a-bc33-8ae60a821e66,GOOGLE_PLACES,ChIJvdpzX1XHVTcR2axI_E8uH_0,https://www.google.com/maps/place/Grand+Buffet/data=!4m7!3m6!1s0x3755c7555f73dabd:0xfd1f2e4ffc48acd9!8m2!3d23.7903824!4d90.406619!16s%2Fg%2F11qqp5j0gx!19sChIJvdpzX1XHVTcR2axI_E8uH_0?authuser=0&hl=en&rclk=1
48042b13-df94-53ba-b78c-44e3a570edec,b7ab925a-9d7d-5a6c-b0da-8c811602cfab,GOOGLE_PLACES,ChIJCdyuWaTHVTcR0-1HWmhPz6M,https://www.google.com/maps/place/Bunka:+Oriental+All-You-Can-Eat/data=!4m7!3m6!1s0x3755c7a459aedc09:0xa3cf4f685a47edd3!8m2!3d23.7947032!4d90.4193777!16s%2Fg%2F11cjj1318k!19sChIJCdyuWaTHVTcR0-1HWmhPz6M?authuser=0&hl=en&rclk=1
086f11b3-79ac-5a5c-b2f1-fc3a4518eee1,2329c62b-772b-5287-810e-08988bcaef4b,GOOGLE_PLACES,ChIJ-5mYLPbHVTcRnbSRGe_TDCg,https://www.google.com/maps/place/Cielo+Rooftop+-+Gulshan/data=!4m7!3m6!1s0x3755c7f62c9899fb:0x280cd3ef1991b49d!8m2!3d23.7806501!4d90.4172401!16s%2Fg%2F11kh_8pfmr!19sChIJ-5mYLPbHVTcRnbSRGe_TDCg?authuser=0&hl=en&rclk=1
8dce90fc-022e-5551-b057-758836f63639,de672a3e-c8a5-5a71-b301-cdf8fb87330f,GOOGLE_PLACES,ChIJEXyU_LPHVTcRnETH90LMzKI,https://www.google.com/maps/place/KHAZANA/data=!4m7!3m6!1s0x3755c7b3fc947c11:0xa2cccc42f7c7449c!8m2!3d23.7887098!4d90.4178564!16s%2Fg%2F11mncc__9t!19sChIJEXyU_LPHVTcRnETH90LMzKI?authuser=0&hl=en&rclk=1
2635655e-c1ed-55dd-81ba-22aa98452910,f059c0a5-cade-5b20-a596-c399d4b49813,GOOGLE_PLACES,ChIJ-do-OKLHVTcR3qnNoMiYpZg,https://www.google.com/maps/place/Istanbul+Restaurant+Dhaka/data=!4m7!3m6!1s0x3755c7a2383edaf9:0x98a598c8a0cda9de!8m2!3d23.7957609!4d90.4133504!16s%2Fg%2F1hjh9ks4h!19sChIJ-do-OKLHVTcR3qnNoMiYpZg?authuser=0&hl=en&rclk=1
a9cde772-78d7-56eb-ba68-396c32f0a31a,b8c18aa8-60a4-53ea-b462-9f463ca2c2a1,GOOGLE_PLACES,ChIJ07LQvjnHVTcRz6kNO9RRHfg,https://www.google.com/maps/place/Lahore+by+IKitchen/data=!4m7!3m6!1s0x3755c739bed0b2d3:0xf81d51d43b0da9cf!8m2!3d23.7901349!4d90.4169355!16s%2Fg%2F11mmgclys9!19sChIJ07LQvjnHVTcRz6kNO9RRHfg?authuser=0&hl=en&rclk=1
0b05c3a2-89c3-572a-abdf-69685318fe36,c87fd255-b85c-5ddf-a325-8301634f3814,GOOGLE_PLACES,ChIJMW5eTZnHVTcRS-_10JIxm00,https://www.google.com/maps/place/Binni+Restaurant/data=!4m7!3m6!1s0x3755c7994d5e6e31:0x4d9b3192d0f5ef4b!8m2!3d23.7813287!4d90.4172573!16s%2Fg%2F11cs6fdl62!19sChIJMW5eTZnHVTcRS-_10JIxm00?authuser=0&hl=en&rclk=1
8d223c7d-bb32-5a03-b55f-144a9475c8f7,9cfe2ef2-222a-520e-81c7-ea8521e2a332,GOOGLE_PLACES,ChIJp0-csQ7HVTcRKm_H0rMnNrQ,https://www.google.com/maps/place/Lucknow+Dhaka/data=!4m7!3m6!1s0x3755c70eb19c4fa7:0xb43627b3d2c76f2a!8m2!3d23.7949329!4d90.4045274!16s%2Fg%2F11ckwyf23d!19sChIJp0-csQ7HVTcRKm_H0rMnNrQ?authuser=0&hl=en&rclk=1
41e46f63-47d8-565d-a35d-f71df0605673,588a5160-43a8-5323-8416-2998fd740271,GOOGLE_PLACES,ChIJcSFCzVTHVTcRfaX7AXwZPdE,https://www.google.com/maps/place/BLUE+SALT/data=!4m7!3m6!1s0x3755c754cd422171:0xd13d197c01fba57d!8m2!3d23.7899648!4d90.4192239!16s%2Fg%2F11rgfqf5st!19sChIJcSFCzVTHVTcRfaX7AXwZPdE?authuser=0&hl=en&rclk=1
9389cc73-fa13-56ee-afdd-758818ca0462,b1f40da5-0b84-5477-ac55-70ca4225f180,GOOGLE_PLACES,ChIJr0mlpeHHVTcR1PAr1j_8v5M,https://www.google.com/maps/place/Crowne+Plaza+Dhaka+Gulshan+Crowne+Plaza+Dhaka+Gulshan/data=!4m7!3m6!1s0x3755c7e1a5a549af:0x93bffc3fd62bf0d4!8m2!3d23.7946034!4d90.4137002!16s%2Fg%2F11v9v9mcbl!19sChIJr0mlpeHHVTcR1PAr1j_8v5M?authuser=0&hl=en&rclk=1
5fa0d6dc-0bcd-5e68-a385-c6aeec7b5c33,6ab6baab-270c-5b4a-a0fd-2ff0656618f3,GOOGLE_PLACES,ChIJR0RIonTHVTcRRPOvV7DGJGQ,"https://www.google.com/maps/place/C+House+Milano,+Bangladesh/data=!4m7!3m6!1s0x3755c774a2484447:0x6424c6b057aff344!8m2!3d23.7939745!4d90.4164753!16s%2Fg%2F11qr27qdm8!19sChIJR0RIonTHVTcRRPOvV7DGJGQ?authuser=0&hl=en&rclk=1"
38ce4d7d-b09a-51e4-96d8-a65a26b0830e,aaf7773d-2dfd-54c1-b7cd-4c82c5199974,GOOGLE_PLACES,ChIJYbIZdAzHVTcRxHGmuriLiSM,https://www.google.com/maps/place/Fools+Diner/data=!4m7!3m6!1s0x3755c70c7419b261:0x23898bb8baa671c4!8m2!3d23.790692!4d90.4076464!16s%2Fg%2F1pp2tzf39!19sChIJYbIZdAzHVTcRxHGmuriLiSM?authuser=0&hl=en&rclk=1
3bfa340d-54a9-5930-8d92-403d081074c8,bc93c7b0-2d41-5a4d-9c6d-6f3eb6615f02,GOOGLE_PLACES,ChIJiW7FHobHVTcRdOZQ3TwdSlk,https://www.google.com/maps/place/Prego/data=!4m7!3m6!1s0x3755c7861ec56e89:0x594a1d3cdd50e674!8m2!3d23.793223!4d90.414601!16s%2Fg%2F11m7sm_sz7!19sChIJiW7FHobHVTcRdOZQ3TwdSlk?authuser=0&hl=en&rclk=1
8e8107c6-3caa-596b-a095-344bc2120756,9fca1e6e-2b53-5e0e-91cd-5da7a76a7113,GOOGLE_PLACES,ChIJt0EBVQDHVTcRwYXl-DkTNYg,https://www.google.com/maps/place/Sukumvit+Thai+Restaurant/data=!4m7!3m6!1s0x3755c700550141b7:0x88351339f8e585c1!8m2!3d23.7949294!4d90.4132524!16s%2Fg%2F11mlv1lldl!19sChIJt0EBVQDHVTcRwYXl-DkTNYg?authuser=0&hl=en&rclk=1
1cc0f09a-b33f-514e-b2bf-5a66b2875c8c,6fcb5fe5-8c6c-5029-9166-1c9747a8783f,GOOGLE_PLACES,ChIJ6SAd0fjHVTcRxer4mCUx4Z4,https://www.google.com/maps/place/Cricketer%27s+Kitchen+%26+Cafe/data=!4m7!3m6!1s0x3755c7f8d11d20e9:0x9ee1312598f8eac5!8m2!3d23.773539!4d90.4174151!16s%2Fg%2F11gwmsq5vb!19sChIJ6SAd0fjHVTcRxer4mCUx4Z4?authuser=0&hl=en&rclk=1
4d16dcbd-c7d8-5cd7-be57-bcbb2b8b1b7a,3e9c9cff-9835-5cd7-9293-fb86a4c8c68b,GOOGLE_PLACES,ChIJ45_gqqPHVTcR-xVbeYlZVhw,"https://www.google.com/maps/place/Mezzan+Haile+Aiun,+Gulshan/data=!4m7!3m6!1s0x3755c7a3aae09fe3:0x1c565989795b15fb!8m2!3d23.7805798!4d90.4174604!16s%2Fg%2F11sm9x048q!19sChIJ45_gqqPHVTcR-xVbeYlZVhw?authuser=0&hl=en&rclk=1"
55b2c91d-0b0f-541a-a963-c8d39d1a07e0,4a6c85a5-8cf0-582a-883d-e670ac85be33,GOOGLE_PLACES,ChIJww_pvKHHVTcRmBY9EvkI3X4,https://www.google.com/maps/place/Bamboo+shoot+Gulshan/data=!4m7!3m6!1s0x3755c7a1bce90fc3:0x7edd08f9123d1698!8m2!3d23.7886695!4d90.4161534!16s%2Fg%2F11cn9856mh!19sChIJww_pvKHHVTcRmBY9EvkI3X4?authuser=0&hl=en&rclk=1
ce7906ef-3c19-532e-a78b-db6c9d89fbef,1d35a2be-0961-51e8-8c4a-ffdb4f5e1d6e,GOOGLE_PLACES,ChIJd-wcMgDHVTcReY668Gc08Co,https://www.google.com/maps/place/Teppanyaki+Dhaka/data=!4m7!3m6!1s0x3755c700321cec77:0x2af03467f0ba8e79!8m2!3d23.7938824!4d90.4132231!16s%2Fg%2F11y46d_nmq!19sChIJd-wcMgDHVTcReY668Gc08Co?authuser=0&hl=en&rclk=1
3d961c11-a07c-57af-b2a3-e8bab485fc8d,0583c5ea-421e-5714-bb19-15782aec20d5,GOOGLE_PLACES,ChIJJYdPo2vHVTcR5dIkbi9PnHU,https://www.google.com/maps/place/Ajo+Idea+Space/data=!4m7!3m6!1s0x3755c76ba34f8725:0x759c4f2f6e24d2e5!8m2!3d23.7937228!4d90.4184461!16s%2Fg%2F11v9ymmlkg!19sChIJJYdPo2vHVTcR5dIkbi9PnHU?authuser=0&hl=en&rclk=1
3f5db7dc-4f50-5712-bf43-536bf26072d0,f32ee566-dd5b-5c18-b951-fd9e76319323,GOOGLE_PLACES,ChIJXbcAo7vHVTcRK8lOkyokDi0,https://www.google.com/maps/place/Secret+Recipe+Gulshan2+Flagship/data=!4m7!3m6!1s0x3755c7bba300b75d:0x2d0e242a934ec92b!8m2!3d23.798562!4d90.4123134!16s%2Fg%2F11n60gs7p_!19sChIJXbcAo7vHVTcRK8lOkyokDi0?authuser=0&hl=en&rclk=1
ad2716b6-6d86-5d22-8335-92051141d861,664c711e-30f3-566d-b6dd-a8498b555f74,GOOGLE_PLACES,ChIJlSQvxW_HVTcRqeF1UI2MTC8,https://www.google.com/maps/place/Takeout+Gulshan/data=!4m7!3m6!1s0x3755c76fc52f2495:0x2f4c8c8d5075e1a9!8m2!3d23.7770049!4d90.4166953!16s%2Fg%2F11w1cm9hs6!19sChIJlSQvxW_HVTcRqeF1UI2MTC8?authuser=0&hl=en&rclk=1
cefec28e-7e7a-5fc8-89d7-9d8cc764a3f4,3b91bbb8-4ca1-5f53-9be4-16f11c46f98c,GOOGLE_PLACES,ChIJ1SfnPULHVTcR4IT5fQzqlP4,https://www.google.com/maps/place/Vrinda%27s+Kitchen+Gulshan/data=!4m7!3m6!1s0x3755c7423de727d5:0xfe94ea0c7df984e0!8m2!3d23.7995678!4d90.431669!16s%2Fg%2F11qr4ws606!19sChIJ1SfnPULHVTcR4IT5fQzqlP4?authuser=0&hl=en&rclk=1
233c12ba-ef58-56ef-962f-ddf6b2ab6cef,32e83a3c-82f0-5ee5-8a57-72b9a1f355a4,GOOGLE_PLACES,ChIJmXEatxrHVTcRkRNfLV4nLxM,https://www.google.com/maps/place/The+Red+Chamber/data=!4m7!3m6!1s0x3755c71ab71a7199:0x132f275e2d5f1391!8m2!3d23.7951889!4d90.4148153!16s%2Fg%2F11q2yh5k4t!19sChIJmXEatxrHVTcRkRNfLV4nLxM?authuser=0&hl=en&rclk=1
02533ace-0e30-5f58-a62f-693242e3f624,9cc11839-deec-5950-9a45-7aede25a9049,GOOGLE_PLACES,ChIJAR2dO6fHVTcRkqn-gA7l6qI,https://www.google.com/maps/place/New+Dhansiri+Restaurant+-+Gulshan+2/data=!4m7!3m6!1s0x3755c7a73b9d1d01:0xa2eae50e80fea992!8m2!3d23.7937788!4d90.4142898!16s%2Fg%2F11bzp_wmpx!19sChIJAR2dO6fHVTcRkqn-gA7l6qI?authuser=0&hl=en&rclk=1
e4e363f7-4bcd-5a44-8420-6d851022f677,35c5cbfb-0408-55d4-bfc7-18f45f8a377d,GOOGLE_PLACES,ChIJgTOASHnHVTcR8S1XmnDNxiw,https://www.google.com/maps/place/Mezbaan+Dine/data=!4m7!3m6!1s0x3755c77948803381:0x2cc6cd709a572df1!8m2!3d23.7806605!4d90.4168954!16s%2Fg%2F11ks1pdg6_!19sChIJgTOASHnHVTcR8S1XmnDNxiw?authuser=0&hl=en&rclk=1
f96dff18-a7f9-561b-bdab-e040a61a5625,b2d420fb-a9af-5617-800a-06efc0807d6a,GOOGLE_PLACES,ChIJfXWuHvfHVTcRgx56PvD2Rhw,https://www.google.com/maps/place/Pizzaburg+Gulshan/data=!4m7!3m6!1s0x3755c7f71eae757d:0x1c46f6f03e7a1e83!8m2!3d23.7812708!4d90.4153306!16s%2Fg%2F11sskpw111!19sChIJfXWuHvfHVTcRgx56PvD2Rhw?authuser=0&hl=en&rclk=1
558f464d-c055-5132-807d-84a1871aa3da,79fd05c6-b586-52fd-ac85-f6f18e6a8cc7,GOOGLE_PLACES,ChIJkwKIPnTHVTcRVRTRZCS877U,https://www.google.com/maps/place/China+Garden+Restaurant+Ltd./data=!4m7!3m6!1s0x3755c7743e880293:0xb5efbc2464d11455!8m2!3d23.7934603!4d90.4183207!16s%2Fg%2F11rsr0_tb8!19sChIJkwKIPnTHVTcRVRTRZCS877U?authuser=0&hl=en&rclk=1
b2e09657-b7f0-5a05-827d-4cd8a7d86a5c,6c28069e-03ed-5fe9-bb4b-e6b5828d4407,GOOGLE_PLACES,ChIJoYx3qZ7HVTcRml4x1RVFg0k,https://www.google.com/maps/place/Purnima+Restaurant+-+Gulshan+-+1/data=!4m7!3m6!1s0x3755c79ea9778ca1:0x49834515d5315e9a!8m2!3d23.7808142!4d90.4168854!16s%2Fg%2F11_dt1dzd!19sChIJoYx3qZ7HVTcRml4x1RVFg0k?authuser=0&hl=en&rclk=1
e4a530c8-d05e-5e05-b285-8b8191b63f8a,733cb558-0d2f-5573-949b-00a19c5ffdcc,GOOGLE_PLACES,ChIJ8e-ioVrHVTcRPof5pbW7BlU,https://www.google.com/maps/place/Chef%27s+Table+-+Gulshan+1/data=!4m7!3m6!1s0x3755c75aa1a2eff1:0x5506bbb5a5f9873e!8m2!3d23.7768976!4d90.4160541!16s%2Fg%2F11kq2xgvx1!19sChIJ8e-ioVrHVTcRPof5pbW7BlU?authuser=0&hl=en&rclk=1
6619cccc-25fb-52dc-be9c-fae03c90ed3c,30ce2453-9309-565e-b90d-f23917fa8ab4,GOOGLE_PLACES,ChIJdTJxi6nHVTcR4UBYjHRDCr4,https://www.google.com/maps/place/Soi+71/data=!4m7!3m6!1s0x3755c7a98b713275:0xbe0a43748c5840e1!8m2!3d23.7931153!4d90.4182008!16s%2Fg%2F11bz094_00!19sChIJdTJxi6nHVTcR4UBYjHRDCr4?authuser=0&hl=en&rclk=1
0ea7a87d-78aa-5f87-9e98-b5180e51145e,354740cc-5271-5c58-88bb-1ae49828b531,GOOGLE_PLACES,ChIJXduZu3rHVTcRyxDUAWw8GGE,https://www.google.com/maps/place/Adana+Sofrasi/data=!4m7!3m6!1s0x3755c77abb99db5d:0x61183c6c01d410cb!8m2!3d23.7860817!4d90.4165866!16s%2Fg%2F11yrpx6fsp!19sChIJXduZu3rHVTcRyxDUAWw8GGE?authuser=0&hl=en&rclk=1
a11186a9-a39f-5076-bd3d-6cff7d3471b7,78ea604b-5116-5b9f-b6d3-6daeafc9e6a8,GOOGLE_PLACES,ChIJe9cwVADHVTcR_pSm7WDXhwk,https://www.google.com/maps/place/Star+Kabab+%26+Restaurant/data=!4m7!3m6!1s0x3755c7005430d77b:0x987d760eda694fe!8m2!3d23.793236!4d90.4028755!16s%2Fg%2F11yjsn05c5!19sChIJe9cwVADHVTcR_pSm7WDXhwk?authuser=0&hl=en&rclk=1
b80c7912-3660-529f-b6c7-ccdd62578553,657f576c-85a9-580b-b00f-df27ea67b799,GOOGLE_PLACES,ChIJfwcIbVLHVTcRHWPJyy1HkCI,https://www.google.com/maps/place/Laughing+Buddha/data=!4m7!3m6!1s0x3755c7526d08077f:0x2290472dcbc9631d!8m2!3d23.7959676!4d90.4132913!16s%2Fg%2F11j2fpz536!19sChIJfwcIbVLHVTcRHWPJyy1HkCI?authuser=0&hl=en&rclk=1
a4e7aa14-b22d-5c71-9748-51e49e224cbe,6a27fe1a-d155-5901-a9b8-480d80ebe71f,GOOGLE_PLACES,ChIJ58AmNQDHVTcRbB5Pb_08feg,"https://www.google.com/maps/place/Ankur+Healing+Restaurant,+Gulshan+Lake+Drive/data=!4m7!3m6!1s0x3755c7003526c0e7:0xe87d3cfd6f4f1e6c!8m2!3d23.7935515!4d90.4220115!16s%2Fg%2F11x2t3pbty!19sChIJ58AmNQDHVTcRbB5Pb_08feg?authuser=0&hl=en&rclk=1"
e89c8337-68dd-5c62-b38e-d036b099496b,79d1176c-2b8b-50ce-a458-44604bf91f8f,GOOGLE_PLACES,ChIJTSxCKKHHVTcRtfewJSrCFHs,https://www.google.com/maps/place/Shaw%27s+Steakhouse/data=!4m7!3m6!1s0x3755c7a128422c4d:0x7b14c22a25b0f7b5!8m2!3d23.7888077!4d90.4205058!16s%2Fg%2F11gf97fr_t!19sChIJTSxCKKHHVTcRtfewJSrCFHs?authuser=0&hl=en&rclk=1
24a87157-5b4b-5d81-bc3a-35aa675c6f27,fd8701d4-1676-5ac3-8672-f951fdab32ba,GOOGLE_PLACES,ChIJuQr4UKTHVTcRTeY6M0-RbxU,https://www.google.com/maps/place/Sky+Pool+Restaurant/data=!4m7!3m6!1s0x3755c7a450f80ab9:0x156f914f333ae64d!8m2!3d23.7949574!4d90.4186995!16s%2Fg%2F11c4d24qrl!19sChIJuQr4UKTHVTcRTeY6M0-RbxU?authuser=0&hl=en&rclk=1
d5829644-b72c-5933-9e34-bf532a7d2055,0b88a80d-fe31-5834-945e-174588562c4a,GOOGLE_PLACES,ChIJucxzdUjHVTcRQgMU2T0KLpk,https://www.google.com/maps/place/Kacchi+Bhai+-+Gulshan/data=!4m7!3m6!1s0x3755c7487573ccb9:0x992e0a3dd9140342!8m2!3d23.7936503!4d90.4143306!16s%2Fg%2F11hhsg1fv9!19sChIJucxzdUjHVTcRQgMU2T0KLpk?authuser=0&hl=en&rclk=1
7033db17-c1e1-5d7f-872b-d0345c89420d,4198bb8c-cf77-55fe-8422-b7cfa1df20ee,GOOGLE_PLACES,ChIJuTzIMafHVTcRhAwwEsEeF-k,https://www.google.com/maps/place/El+Toro+Mexican+Restaurant/data=!4m7!3m6!1s0x3755c7a731c83cb9:0xe9171ec112300c84!8m2!3d23.7929525!4d90.4141695!16s%2Fg%2F1tdflmn6!19sChIJuTzIMafHVTcRhAwwEsEeF-k?authuser=0&hl=en&rclk=1
d7b2adde-f41e-583a-9085-ffffee08d51e,a5e28471-6820-5b18-93d7-234d09559d18,GOOGLE_PLACES,ChIJoT3QeKbHVTcRd37i_MuFYBo,https://www.google.com/maps/place/The+White+Canary+Caf%C3%A9/data=!4m7!3m6!1s0x3755c7a678d03da1:0x1a6085cbfce27e77!8m2!3d23.7994169!4d90.4155821!16s%2Fg%2F11c6_dn_5q!19sChIJoT3QeKbHVTcRd37i_MuFYBo?authuser=0&hl=en&rclk=1
b433a73e-04c5-530c-b324-04a17aa0b518,5f275a84-c23b-558e-9a94-a992c6df667b,GOOGLE_PLACES,ChIJTx-WPADHVTcR6k2Mj4JMlNc,https://www.google.com/maps/place/Baan+Busaba/data=!4m7!3m6!1s0x3755c7003c961f4f:0xd7944c828f8c4dea!8m2!3d23.7952758!4d90.4147493!16s%2Fg%2F11yhd07llm!19sChIJTx-WPADHVTcR6k2Mj4JMlNc?authuser=0&hl=en&rclk=1
d6c2610e-b7ec-5f0d-b5d0-5bd7dc5a0b4b,8fe16435-918e-550f-a009-b8e8dc597162,GOOGLE_PLACES,ChIJrTTZwtbHVTcRy6IQxbaD4oU,https://www.google.com/maps/place/Evviva+Italian+Ristorante/data=!4m7!3m6!1s0x3755c7d6c2d934ad:0x85e283b6c510a2cb!8m2!3d23.7887406!4d90.416295!16s%2Fg%2F11t9jrtyrp!19sChIJrTTZwtbHVTcRy6IQxbaD4oU?authuser=0&hl=en&rclk=1
b8fb4632-6569-50a4-84e7-5dac86d1427c,55119dc3-1fbd-5f53-af8c-ba1bf098c7f0,GOOGLE_PLACES,ChIJ-3aASn_HVTcRCEq-QCQQEMc,"https://www.google.com/maps/place/Marina+Cafe+%26+Restaurant,+Gulshan+Lake+View/data=!4m7!3m6!1s0x3755c77f4a8076fb:0xc710102440be4a08!8m2!3d23.7801086!4d90.4209799!16s%2Fg%2F11l38twpz7!19sChIJ-3aASn_HVTcRCEq-QCQQEMc?authuser=0&hl=en&rclk=1"
df6ea8e0-73f8-58e5-9669-13fd3d851ca3,be243c4f-ea56-5ccd-92fd-c19a84e5ea2e,GOOGLE_PLACES,ChIJPQ-wn6fHVTcRpdxtmKsu3_I,https://www.google.com/maps/place/Burger+King+%7C+Gulshan+2/data=!4m7!3m6!1s0x3755c7a79fb00f3d:0xf2df2eab986ddca5!8m2!3d23.7954556!4d90.4135152!16s%2Fg%2F11h9x2jrq9!19sChIJPQ-wn6fHVTcRpdxtmKsu3_I?authuser=0&hl=en&rclk=1
3b17b971-ab2d-5382-bc91-a807b9fa811c,1690bed7-2645-597c-af2d-54a8d17c26d9,GOOGLE_PLACES,ChIJBw3IIvTHVTcRHdiP6XKTP4g,https://www.google.com/maps/place/PastaMania+Bangladesh/data=!4m7!3m6!1s0x3755c7f422c80d07:0x883f9372e98fd81d!8m2!3d23.7955698!4d90.414716!16s%2Fg%2F11h3dfdt7h!19sChIJBw3IIvTHVTcRHdiP6XKTP4g?authuser=0&hl=en&rclk=1
d7e76d12-56b5-573b-8b4e-af4db6453bbc,58511fb1-fc83-5a7c-a395-15c30f23fc2f,GOOGLE_PLACES,ChIJp9j7vgvHVTcRNAmQHlX8ykA,https://www.google.com/maps/place/Chows/data=!4m7!3m6!1s0x3755c70bbefbd8a7:0x40cafc551e900934!8m2!3d23.7911315!4d90.4094666!16s%2Fg%2F11bxjlt153!19sChIJp9j7vgvHVTcRNAmQHlX8ykA?authuser=0&hl=en&rclk=1
6d0c6eea-39f2-5305-9aff-0294050ccf9d,2c5709ed-807c-5da1-b1d9-c149ffaec85b,GOOGLE_PLACES,ChIJgfIma2_HVTcRAszuqojiie8,https://www.google.com/maps/place/Khalifa%E2%80%99s+Restaurant/data=!4m7!3m6!1s0x3755c76f6b26f281:0xef89e288aaeecc02!8m2!3d23.7814515!4d90.415907!16s%2Fg%2F11ss6sxtxd!19sChIJgfIma2_HVTcRAszuqojiie8?authuser=0&hl=en&rclk=1
d913522f-f6c8-5429-8db7-40191f2fe8a2,cc56f98d-87a7-5c87-81e2-d494b0eaf3be,GOOGLE_PLACES,ChIJbe7OjJ7HVTcRNBlsZNnW0hY,https://www.google.com/maps/place/Lounge+Comida/data=!4m7!3m6!1s0x3755c79e8cceee6d:0x16d2d6d9646c1934!8m2!3d23.7818584!4d90.4151687!16s%2Fg%2F11cnbqnhjf!19sChIJbe7OjJ7HVTcRNBlsZNnW0hY?authuser=0&hl=en&rclk=1
0fd2e5f4-42ca-5a7a-9124-449c5484ca48,dba37528-c9c5-52ae-95f4-f0867c0fc51e,GOOGLE_PLACES,ChIJP6Mdqk3HVTcRvYm4DWo5koY,https://www.google.com/maps/place/Santoor+Fusion+Dining/data=!4m7!3m6!1s0x3755c74daa1da33f:0x8692396a0db889bd!8m2!3d23.7902408!4d90.4102761!16s%2Fg%2F11kpf6tdk3!19sChIJP6Mdqk3HVTcRvYm4DWo5koY?authuser=0&hl=en&rclk=1
20e2ca64-ed54-560f-bc60-238e933e5e03,226d521b-3482-5c6e-b347-b1ff249b369e,GOOGLE_PLACES,ChIJ89q-qUzHVTcRmM5lB9Wxo3M,https://www.google.com/maps/place/Jatra+Biroti/data=!4m7!3m6!1s0x3755c74ca9bedaf3:0x73a3b1d50765ce98!8m2!3d23.7927891!4d90.4093005!16s%2Fg%2F11g0vzbz4f!19sChIJ89q-qUzHVTcRmM5lB9Wxo3M?authuser=0&hl=en&rclk=1
4673f0d8-36fe-5aaf-9960-ad4db9dec641,f10c262f-bc4d-5c00-9556-354c89bdc32d,GOOGLE_PLACES,ChIJP0OzlJ7HVTcRjPV9qiYv4kU,https://www.google.com/maps/place/Kiva+Han/data=!4m7!3m6!1s0x3755c79e94b3433f:0x45e22f26aa7df58c!8m2!3d23.7819552!4d90.4158162!16s%2Fg%2F11ckyc4kgn!19sChIJP0OzlJ7HVTcRjPV9qiYv4kU?authuser=0&hl=en&rclk=1
5a5934a6-c0ee-5a79-9384-b89af631e689,65dc379d-6157-5b32-9e3f-767ece971be3,GOOGLE_PLACES,ChIJPULi8QXHVTcRZpLjqfNFgfo,"https://www.google.com/maps/place/Cheong+Shing+Restaurant,+Dhaka./data=!4m7!3m6!1s0x3755c705f1e2423d:0xfa8145f3a9e39266!8m2!3d23.7925886!4d90.4095589!16s%2Fg%2F11cn34299b!19sChIJPULi8QXHVTcRZpLjqfNFgfo?authuser=0&hl=en&rclk=1"
36fd61de-ecd3-5d12-ab7b-1d95ea36c59b,be0130cc-1995-504a-84d0-917144b5670f,GOOGLE_PLACES,ChIJx3gDiQ7HVTcRYluz6bX9I5c,https://www.google.com/maps/place/Bukhara+Restaurant/data=!4m7!3m6!1s0x3755c70e890378c7:0x9723fdb5e9b35b62!8m2!3d23.7935901!4d90.4056861!16s%2Fg%2F1hg4w28t2!19sChIJx3gDiQ7HVTcRYluz6bX9I5c?authuser=0&hl=en&rclk=1
d8fde1bb-8a65-5a93-bb26-83a79e996a2c,f7cb73de-cf46-5fd9-92a2-c9353d3fd82f,GOOGLE_PLACES,ChIJkyNgZwjHVTcRTXuzhYYgM9E,https://www.google.com/maps/place/Umai/data=!4m7!3m6!1s0x3755c70867602393:0xd133208685b37b4d!8m2!3d23.796943!4d90.4105417!16s%2Fg%2F11cn9zb2nj!19sChIJkyNgZwjHVTcRTXuzhYYgM9E?authuser=0&hl=en&rclk=1
7002e4d4-6ee6-58d7-8251-dc88c5c84ae0,bacb028d-89ce-5d93-a490-371ef313dbe9,GOOGLE_PLACES,ChIJ52KLtQnHVTcRaD4egz3QPlg,https://www.google.com/maps/place/Sura+Korean+Restaurant/data=!4m7!3m6!1s0x3755c709b58b62e7:0x583ed03d831e3e68!8m2!3d23.7951976!4d90.4147202!16s%2Fg%2F1wnd_f6d!19sChIJ52KLtQnHVTcRaD4egz3QPlg?authuser=0&hl=en&rclk=1
ebc590e4-5891-5408-9b7d-9f5268f7cbc5,ba5f0f76-a309-529d-910f-130ff3c4f31e,GOOGLE_PLACES,ChIJbzp9s0XHVTcRylFebsH8SOA,https://www.google.com/maps/place/BurgerGo+-+Gulshan/data=!4m7!3m6!1s0x3755c745b37d3a6f:0xe048fcc16e5e51ca!8m2!3d23.7952022!4d90.4132852!16s%2Fg%2F11ny46xmdn!19sChIJbzp9s0XHVTcRylFebsH8SOA?authuser=0&hl=en&rclk=1
90575bce-43b0-5a0d-bbad-c0f7d0d7b06e,4f35ca36-0ac3-5876-9790-d4f495443eb4,GOOGLE_PLACES,ChIJ5V-d3YrHVTcRUQsxgW6aEmo,https://www.google.com/maps/place/Amaya+Food+Gallery+at+Amari+Dhaka/data=!4m7!3m6!1s0x3755c78add9d5fe5:0x6a129a6e81310b51!8m2!3d23.790456!4d90.4127423!16s%2Fg%2F11y51r60l1!19sChIJ5V-d3YrHVTcRUQsxgW6aEmo?authuser=0&hl=en&rclk=1
0b52878c-9486-5d52-923c-dd16597fbfb3,58f60710-b2a1-589a-a6e5-2a2fd2f256bb,GOOGLE_PLACES,ChIJ2aRgDgDHVTcRxtv-idLvj10,https://www.google.com/maps/place/Laam/data=!4m7!3m6!1s0x3755c7000e60a4d9:0x5d8fefd289fedbc6!8m2!3d23.7926332!4d90.4191136!16s%2Fg%2F11vrrrmtps!19sChIJ2aRgDgDHVTcRxtv-idLvj10?authuser=0&hl=en&rclk=1
8063940e-bbf1-5ef8-856a-518f9c89863e,443516ec-fa96-5efb-bf9c-0444ecfb0138,GOOGLE_PLACES,ChIJO2heU5nHVTcR8kIk43BCYkQ,https://www.google.com/maps/place/Fakhruddin+Biriyani+%26+Restaurant+-+Gulshan+1/data=!4m7!3m6!1s0x3755c799535e683b:0x44624270e32442f2!8m2!3d23.7805773!4d90.4173447!16s%2Fg%2F12hxg2dxj!19sChIJO2heU5nHVTcR8kIk43BCYkQ?authuser=0&hl=en&rclk=1
780664d7-cc98-5890-af8c-a9b303f9d40a,0f2f4ac6-1575-5b20-a2ea-392eafce4a1c,GOOGLE_PLACES,ChIJL3XyFwDHVTcRuqBO0TB2ahM,https://www.google.com/maps/place/Kareem%27s+Dhaka/data=!4m7!3m6!1s0x3755c70017f2752f:0x136a7630d14ea0ba!8m2!3d23.7911167!4d90.4016367!16s%2Fg%2F11vyzpm5xv!19sChIJL3XyFwDHVTcRuqBO0TB2ahM?authuser=0&hl=en&rclk=1
b5895741-5866-5625-a45f-49de52623448,7ebbc394-4aad-54b1-800d-4a0a4ccfa9f2,GOOGLE_PLACES,ChIJRYAR053HVTcRrJh-Urd6SRI,https://www.google.com/maps/place/Premium+Sweets/data=!4m7!3m6!1s0x3755c79dd3118045:0x12497ab7527e98ac!8m2!3d23.7952144!4d90.4146463!16s%2Fg%2F11b5vtzs0h!19sChIJRYAR053HVTcRrJh-Urd6SRI?authuser=0&hl=en&rclk=1
ece73cbe-aa93-53a4-923e-e4ac01aed2a4,0e6e6e75-e37f-5029-a5dd-7ca791699605,GOOGLE_PLACES,ChIJDV1OUJvHVTcRTn6Qkt6wsv8,https://www.google.com/maps/place/Sushi+Go/data=!4m7!3m6!1s0x3755c79b504e5d0d:0xffb2b0de92907e4e!8m2!3d23.7941527!4d90.4114452!16s%2Fg%2F11s9k1rvqw!19sChIJDV1OUJvHVTcRTn6Qkt6wsv8?authuser=0&hl=en&rclk=1
48d89027-2b1e-586d-9ec3-2613fe74ac08,ed00f196-4678-5ff8-b2f6-f7b638588299,GOOGLE_PLACES,ChIJr7jnoA7HVTcRno2Ggd8gvrQ,https://www.google.com/maps/place/Madchef+%7C+Banani/data=!4m7!3m6!1s0x3755c70ea0e7b8af:0xb4be20df81868d9e!8m2!3d23.7900096!4d90.4091706!16s%2Fg%2F11bxdytpw0!19sChIJr7jnoA7HVTcRno2Ggd8gvrQ?authuser=0&hl=en&rclk=1
1669fe13-37da-5a78-9418-523288434579,c9ff5dd9-5285-5289-99cd-1b6f2e996fef,GOOGLE_PLACES,ChIJJzjCMafHVTcRTpLKrjb7E8c,https://www.google.com/maps/place/Raffinato+Ristorante+Italiano/data=!4m7!3m6!1s0x3755c7a731c23827:0xc713fb36aeca924e!8m2!3d23.7930489!4d90.414286!16s%2Fg%2F11g9qj3sxz!19sChIJJzjCMafHVTcRTpLKrjb7E8c?authuser=0&hl=en&rclk=1
0a0ef9f4-330d-5ba8-8884-0b51059878be,4ed94a2e-693d-52e7-9947-d87f7ae105f3,GOOGLE_PLACES,ChIJffbQGafHVTcRIcjVc-dk4O0,https://www.google.com/maps/place/American+Burger+%7C+Gulshan+2/data=!4m7!3m6!1s0x3755c7a719d0f67d:0xede064e773d5c821!8m2!3d23.7941913!4d90.4143124!16s%2Fg%2F11f57k4sld!19sChIJffbQGafHVTcRIcjVc-dk4O0?authuser=0&hl=en&rclk=1
c781ced8-9880-5c8b-9f6e-999f84e77c3f,8dfa1642-65cb-5221-8230-19ed46869133,GOOGLE_PLACES,ChIJdwixE-HHVTcRN6YUZGsD7aU,https://www.google.com/maps/place/Brio:+Italian+Restaurant/data=!4m7!3m6!1s0x3755c7e113b10877:0xa5ed036b6414a637!8m2!3d23.7957609!4d90.4133504!16s%2Fg%2F11ww6mzfd5!19sChIJdwixE-HHVTcRN6YUZGsD7aU?authuser=0&hl=en&rclk=1
ce330f93-bbb8-5f4f-b5e4-0360678d82a5,afc8fad5-09e8-51bd-88a4-8e2eeff054f3,GOOGLE_PLACES,ChIJS8DMxrHHVTcRr3Fl1Xug8qY,https://www.google.com/maps/place/The+Atrium+Restaurant/data=!4m7!3m6!1s0x3755c7b1c6ccc04b:0xa6f2a07bd56571af!8m2!3d23.8024957!4d90.4229298!16s%2Fg%2F11cfgbd6p!19sChIJS8DMxrHHVTcRr3Fl1Xug8qY?authuser=0&hl=en&rclk=1
d4cb9322-fb41-54f2-8398-9f6486a6b105,27d1e839-6537-539c-ba6b-56fa453a2e1a,GOOGLE_PLACES,ChIJabTu-PDHVTcROi_6YJ8kMeg,https://www.google.com/maps/place/Jadu+Bangla+Restaurant/data=!4m7!3m6!1s0x3755c7f0f8eeb469:0xe831249f60fa2f3a!8m2!3d23.7907094!4d90.4011959!16s%2Fg%2F11fpy8x2vz!19sChIJabTu-PDHVTcROi_6YJ8kMeg?authuser=0&hl=en&rclk=1
2565efe3-95cb-5c16-bcdb-30f5f1b2a6c9,183b7ceb-bbf9-56a5-bb57-37f8494c9a41,GOOGLE_PLACES,ChIJz0aASaDHVTcR0dfC_AJ10Mc,https://www.google.com/maps/place/Olive+Garden/data=!4m7!3m6!1s0x3755c7a0498046cf:0xc7d07502fcc2d7d1!8m2!3d23.7867594!4d90.4138065!16s%2Fg%2F12cph21_5!19sChIJz0aASaDHVTcR0dfC_AJ10Mc?authuser=0&hl=en&rclk=1
dc86dee2-7350-592d-ae74-3267abc64bd9,a81832bd-2aa9-5a5a-9b6c-7b71df1e8366,GOOGLE_PLACES,ChIJ94s44PjHVTcRU_Qv_WDaKhQ,https://www.google.com/maps/place/The+Beast/data=!4m7!3m6!1s0x3755c7f8e0388bf7:0x142ada60fd2ff453!8m2!3d23.79459!4d90.41395!16s%2Fg%2F11m7shbbfp!19sChIJ94s44PjHVTcRU_Qv_WDaKhQ?authuser=0&hl=en&rclk=1
0625bd99-156c-543e-a809-ffb658b93f8b,536c17b8-c4ce-597f-9d45-af1581778546,GOOGLE_PLACES,ChIJ_9wu17zHVTcR7DXzpf4CuDI,https://www.google.com/maps/place/Madchef+%26+Cheez!+Gulshan+1+%28Cloud+Kitchen%29/data=!4m7!3m6!1s0x3755c7bcd72edcff:0x32b802fea5f335ec!8m2!3d23.7755422!4d90.4175583!16s%2Fg%2F11lt2_s4mj!19sChIJ_9wu17zHVTcR7DXzpf4CuDI?authuser=0&hl=en&rclk=1
3cb3465b-8711-58ed-885e-f36bf026d6f6,ae75224d-2d8a-5ec1-82d8-01eee5e7ad8f,GOOGLE_PLACES,ChIJL-DoopPHVTcRIEL5wG_z0Pg,https://www.google.com/maps/place/Halda+Valley+Tea+Lounge/data=!4m7!3m6!1s0x3755c793a2e8e02f:0xf8d0f36fc0f94220!8m2!3d23.7883139!4d90.417341!16s%2Fg%2F11h5mb9k9v!19sChIJL-DoopPHVTcRIEL5wG_z0Pg?authuser=0&hl=en&rclk=1
dd2235ea-d516-52a2-b2ef-63bba63d6c8d,fbcc92f0-b8f0-5c9b-88fc-2c2ea60dcaaf,GOOGLE_PLACES,ChIJ54ui9lG_VTcRu9VxNTTNIrE,https://www.google.com/maps/place/Cafe+Mango/data=!4m7!3m6!1s0x3755bf51f6a28be7:0xb122cd343571d5bb!8m2!3d23.7818886!4d90.4177249!16s%2Fg%2F11clt979w_!19sChIJ54ui9lG_VTcRu9VxNTTNIrE?authuser=0&hl=en&rclk=1
0b5911de-bf90-52a4-8029-3e3033360f16,366b640b-efbd-5680-96b3-4f31fed7d996,GOOGLE_PLACES,ChIJUR44fAzHVTcRokaJAqvDpv4,https://www.google.com/maps/place/Paturi+Banani/data=!4m7!3m6!1s0x3755c70c7c381e51:0xfea6c3ab028946a2!8m2!3d23.7904975!4d90.4048496!16s%2Fg%2F11d_tgf8zz!19sChIJUR44fAzHVTcRokaJAqvDpv4?authuser=0&hl=en&rclk=1
0818a326-7439-58f2-bee1-c1511fe60142,d32219b2-b074-5c28-93d6-494e7cc356c6,GOOGLE_PLACES,ChIJwyigPMHHVTcRHdbiihhwG0U,https://www.google.com/maps/place/Utshob+Gulshan/data=!4m7!3m6!1s0x3755c7c13ca028c3:0x451b70188ae2d61d!8m2!3d23.7958194!4d90.414931!16s%2Fg%2F11s0rd9wd3!19sChIJwyigPMHHVTcRHdbiihhwG0U?authuser=0&hl=en&rclk=1
d0409776-49e9-5819-b65c-2a73b459cf1d,d9c46286-b961-57c1-bc1a-3db72f08b8e0,GOOGLE_PLACES,ChIJ_Z2kS4nHVTcRrmec86eQr2w,https://www.google.com/maps/place/Bahar/data=!4m7!3m6!1s0x3755c7894ba49dfd:0x6caf90a7f39c67ae!8m2!3d23.784365!4d90.417389!16s%2Fg%2F11fsh7btsf!19sChIJ_Z2kS4nHVTcRrmec86eQr2w?authuser=0&hl=en&rclk=1
76eb02de-fe35-5411-8ffe-8040a8888eac,9f969a8b-bfad-58fa-9e3e-a1135f0758c5,GOOGLE_PLACES,ChIJCRxLP_bHVTcRHDliUtPT64Q,https://www.google.com/maps/place/Pizza+Da+Wali/data=!4m7!3m6!1s0x3755c7f63f4b1c09:0x84ebd3d35262391c!8m2!3d23.7965492!4d90.4133122!16s%2Fg%2F11q4js4tfv!19sChIJCRxLP_bHVTcRHDliUtPT64Q?authuser=0&hl=en&rclk=1
220d118f-31ab-5b5d-ae70-f481f8b1fb82,ea76ed39-eefc-5eb8-b296-4d36d93982aa,GOOGLE_PLACES,ChIJdwwcmQ7HVTcRQ3AfKJN7pp8,https://www.google.com/maps/place/Aaheli+Kabab+and+Chinese+Restaurant/data=!4m7!3m6!1s0x3755c70e991c0c77:0x9fa67b93281f7043!8m2!3d23.7929534!4d90.4066574!16s%2Fg%2F11bwyvqcxh!19sChIJdwwcmQ7HVTcRQ3AfKJN7pp8?authuser=0&hl=en&rclk=1
ecbf921d-651b-5931-9dbe-cc85b87b6c68,1209018d-984d-5e72-9ea1-18bd5a342275,GOOGLE_PLACES,ChIJLwZwEhLHVTcRmgqKmUa9TP4,https://www.google.com/maps/place/Dhaba+Banani/data=!4m7!3m6!1s0x3755c7121270062f:0xfe4cbd46998a0a9a!8m2!3d23.791675!4d90.4092343!16s%2Fg%2F1tdqy254!19sChIJLwZwEhLHVTcRmgqKmUa9TP4?authuser=0&hl=en&rclk=1
7f019219-f714-5b89-aaa9-d519e861913b,a19d16ea-360d-581a-9bb5-433ddc0cecdc,GOOGLE_PLACES,ChIJi-__9QvHVTcRhrGLNgutbkE,https://www.google.com/maps/place/Tree+House/data=!4m7!3m6!1s0x3755c70bf5ffef8b:0x416ead0b368bb186!8m2!3d23.7913392!4d90.4077514!16s%2Fg%2F11ckvlzfpw!19sChIJi-__9QvHVTcRhrGLNgutbkE?authuser=0&hl=en&rclk=1
5c667e62-e8de-531b-bfa2-ef8b16e1e1e3,c8348ce9-7dd2-5ce6-a3aa-2714af966209,GOOGLE_PLACES,ChIJKTo5NALHVTcRx_DCP_CH4DM,https://www.google.com/maps/place/Yoshi+Banani/data=!4m7!3m6!1s0x3755c70234393a29:0x33e087f03fc2f0c7!8m2!3d23.7914753!4d90.4046279!16s%2Fg%2F11yt7bxcnk!19sChIJKTo5NALHVTcRx_DCP_CH4DM?authuser=0&hl=en&rclk=1
7b392356-dbfb-5528-8fce-52f9d51abdf9,932a72f8-7ae6-5ae7-bb1b-5eeac0a4dac7,GOOGLE_PLACES,ChIJj6TJHu7HVTcR5Qa18Wv6AWI,https://www.google.com/maps/place/Meat+Theory/data=!4m7!3m6!1s0x3755c7ee1ec9a48f:0x6201fa6bf1b506e5!8m2!3d23.7911131!4d90.4010529!16s%2Fg%2F11h4fhywpp!19sChIJj6TJHu7HVTcR5Qa18Wv6AWI?authuser=0&hl=en&rclk=1
5b6810d8-e7a7-518f-958e-cbd30d75356d,125b83a6-e012-59ad-82d4-7d4727f4dd2b,GOOGLE_PLACES,ChIJzwFzyAvHVTcRh5CpnDTOqBQ,https://www.google.com/maps/place/Cielo+Rooftop+Banani/data=!4m7!3m6!1s0x3755c70bc87301cf:0x14a8ce349ca99087!8m2!3d23.7911101!4d90.4029509!16s%2Fg%2F11ljs1pk21!19sChIJzwFzyAvHVTcRh5CpnDTOqBQ?authuser=0&hl=en&rclk=1
423f636f-9102-5379-ba12-436c483f0e7d,e69272ac-15bf-500b-906d-54693688c799,GOOGLE_PLACES,ChIJPbZs01_HVTcRrbPwBoLKD08,https://www.google.com/maps/place/Rustic+Eatery+Banani/data=!4m7!3m6!1s0x3755c75fd36cb63d:0x4f0fca8206f0b3ad!8m2!3d23.7925825!4d90.4043176!16s%2Fg%2F11p15tbg1k!19sChIJPbZs01_HVTcRrbPwBoLKD08?authuser=0&hl=en&rclk=1
155beef3-e12d-5d68-960c-3ca7804ba0af,dab95e41-0f7c-5a67-a14f-4256bf37b743,GOOGLE_PLACES,ChIJH6tDRADHVTcRtjvqaYW_bsU,https://www.google.com/maps/place/Boho+%7C+Banani/data=!4m7!3m6!1s0x3755c7004443ab1f:0xc56ebf8569ea3bb6!8m2!3d23.7907794!4d90.4056252!16s%2Fg%2F11w1ksrg_d!19sChIJH6tDRADHVTcRtjvqaYW_bsU?authuser=0&hl=en&rclk=1
f4241462-84e2-5144-ac70-8df10147b407,a39efdfc-99ba-5f98-82ce-5bdadbd7a386,GOOGLE_PLACES,ChIJy-hpUQrHVTcR2d_tywIRlz4,https://www.google.com/maps/place/Woodhouse+Grill+Banani/data=!4m7!3m6!1s0x3755c70a5169e8cb:0x3e971102cbeddfd9!8m2!3d23.7908477!4d90.4031427!16s%2Fg%2F11fx8wvkn6!19sChIJy-hpUQrHVTcR2d_tywIRlz4?authuser=0&hl=en&rclk=1
2400836f-13d1-50ae-8115-e32febe0ed19,2e00bc58-8c46-51f6-b30b-68967e06a3fe,GOOGLE_PLACES,ChIJVVQsB1jHVTcRm0J5sy9ghQw,https://www.google.com/maps/place/Arrowhead+Grill/data=!4m7!3m6!1s0x3755c758072c5455:0xc85602fb379429b!8m2!3d23.7907266!4d90.4041698!16s%2Fg%2F11t5kmgvww!19sChIJVVQsB1jHVTcRm0J5sy9ghQw?authuser=0&hl=en&rclk=1
27e642bb-e546-586d-a4f7-d8b78252637b,45cae320-ed5e-511c-af00-4ba416419a10,GOOGLE_PLACES,ChIJ5Vo8IvW_VTcRyHKwyiXu7Nw,https://www.google.com/maps/place/Roosters+Peri+Peri-Bangladesh/data=!4m7!3m6!1s0x3755bff5223c5ae5:0xdcecee25cab072c8!8m2!3d23.7901164!4d90.4086285!16s%2Fg%2F11qg34_pfk!19sChIJ5Vo8IvW_VTcRyHKwyiXu7Nw?authuser=0&hl=en&rclk=1
b5d91a01-6007-5c94-bd6a-2a73a5927689,c5c47050-54f2-53a2-8f3e-985b9a993663,GOOGLE_PLACES,ChIJycp9Y0_HVTcRFEIkY2OYWZk,https://www.google.com/maps/place/Pagla+Baburchi/data=!4m7!3m6!1s0x3755c74f637dcac9:0x9959986363244214!8m2!3d23.7904054!4d90.4081286!16s%2Fg%2F11mq2jv9hc!19sChIJycp9Y0_HVTcRFEIkY2OYWZk?authuser=0&hl=en&rclk=1
de645fc5-57e8-5db6-9040-56afae401bfa,8c7b3a4f-db4a-5ea7-a3fc-e956f7ee249e,GOOGLE_PLACES,ChIJOxQtb57HVTcRU0qAC7HFluU,https://www.google.com/maps/place/Time+Out/data=!4m7!3m6!1s0x3755c79e6f2d143b:0xe596c5b10b804a53!8m2!3d23.7922831!4d90.4092631!16s%2Fg%2F11bxj9hpxh!19sChIJOxQtb57HVTcRU0qAC7HFluU?authuser=0&hl=en&rclk=1
03fdf056-1fdd-5e8a-9aaa-39cba712eeb0,71b6226c-c988-5e0c-bce6-1b92b6b4d211,GOOGLE_PLACES,ChIJax8xE7jHVTcRpDbLZX2-hGw,https://www.google.com/maps/place/Travel+East+Banani/data=!4m7!3m6!1s0x3755c7b813311f6b:0x6c84be7d65cb36a4!8m2!3d23.7959592!4d90.4051517!16s%2Fg%2F11s32zrz75!19sChIJax8xE7jHVTcRpDbLZX2-hGw?authuser=0&hl=en&rclk=1
ea6f5c09-c12c-5a2f-af2e-2b5a652f4780,8c4db453-1743-5edf-8c1c-4b2861841809,GOOGLE_PLACES,ChIJa95G-gvHVTcREY5L2SGQn5s,https://www.google.com/maps/place/Pan+Tao+Thai+Cuisine/data=!4m7!3m6!1s0x3755c70bfa46de6b:0x9b9f9021d94b8e11!8m2!3d23.7920687!4d90.4080063!16s%2Fg%2F1tj1_xg9!19sChIJa95G-gvHVTcREY5L2SGQn5s?authuser=0&hl=en&rclk=1
6c5bed7d-f0c8-54d1-b373-e28289327185,ace474c2-35ba-50ef-914f-9818df21f6fc,GOOGLE_PLACES,ChIJGel-pgfHVTcROlcZ5WYFsTo,https://www.google.com/maps/place/Texas+Flame/data=!4m7!3m6!1s0x3755c707a67ee919:0x3ab10566e519573a!8m2!3d23.790139!4d90.4081749!16s%2Fg%2F11v02zj409!19sChIJGel-pgfHVTcROlcZ5WYFsTo?authuser=0&hl=en&rclk=1
d8b3a724-4824-55f2-8b72-93645aac9f47,1214e34e-64b9-522e-90ca-f445019afd58,GOOGLE_PLACES,ChIJD-LJDhLHVTcRlRlxntfUiYg,https://www.google.com/maps/place/Takeout+Banani/data=!4m7!3m6!1s0x3755c7120ec9e20f:0x8889d4d79e711995!8m2!3d23.7931073!4d90.4057487!16s%2Fg%2F11bvv5lnw2!19sChIJD-LJDhLHVTcRlRlxntfUiYg?authuser=0&hl=en&rclk=1
71e7bb43-6ebb-5bf4-a39d-827df2d6123a,1b9c6bcd-8cf2-5bc7-af68-5e6612aeecf2,GOOGLE_PLACES,ChIJuWqUQBLHVTcRPChtGfQzhXU,https://www.google.com/maps/place/Herfy+-+Banani/data=!4m7!3m6!1s0x3755c71240946ab9:0x758533f4196d283c!8m2!3d23.7912333!4d90.4020105!16s%2Fg%2F11f_zg95jp!19sChIJuWqUQBLHVTcRPChtGfQzhXU?authuser=0&hl=en&rclk=1
821bc7de-d2ee-5094-b14d-aac6dab4b325,daf5744e-c698-513d-a840-a79dcd317f8a,GOOGLE_PLACES,ChIJAzEo6w3HVTcRFwWhXjHvSMc,https://www.google.com/maps/place/Alfresco+Banani/data=!4m7!3m6!1s0x3755c70deb283103:0xc748ef315ea10517!8m2!3d23.7935128!4d90.4037559!16s%2Fg%2F11c429wgj3!19sChIJAzEo6w3HVTcRFwWhXjHvSMc?authuser=0&hl=en&rclk=1
af250595-c354-5790-9423-dddbef70785e,a303c5b7-75d4-5e12-886a-0c1dc413d769,GOOGLE_PLACES,ChIJ_4Tsx2fFVTcR8NFWQDzrwC4,https://www.google.com/maps/place/Tu+do+Restaurant/data=!4m7!3m6!1s0x3755c567c7ec84ff:0x2ec0eb3c4056d1f0!8m2!3d23.7898093!4d90.4036356!16s%2Fg%2F11lv8ytwjh!19sChIJ_4Tsx2fFVTcR8NFWQDzrwC4?authuser=0&hl=en&rclk=1
7e7da5ca-973e-5cf3-9498-4d46bb6536d4,97cf6bd8-16d2-56fc-aee7-08dfb7eee8b7,GOOGLE_PLACES,ChIJB58cVtDHVTcRl3C30z6ctsY,https://www.google.com/maps/place/Steakout/data=!4m7!3m6!1s0x3755c7d0561c9f07:0xc6b69c3ed3b77097!8m2!3d23.7912658!4d90.4017411!16s%2Fg%2F11fmdc7rwj!19sChIJB58cVtDHVTcRl3C30z6ctsY?authuser=0&hl=en&rclk=1
7a6cab02-418f-55ec-9d57-5b0d55fc43b2,1433170f-5fd9-5eca-a92e-27234b03b4c4,GOOGLE_PLACES,ChIJscVbMSXHVTcRhCiC8hKHk_E,https://www.google.com/maps/place/VOCA+SILK/data=!4m7!3m6!1s0x3755c725315bc5b1:0xf1938712f2822884!8m2!3d23.7915003!4d90.4058012!16s%2Fg%2F11rdv0056z!19sChIJscVbMSXHVTcRhCiC8hKHk_E?authuser=0&hl=en&rclk=1
26b662e6-d82f-50bf-824a-afe2e178cbbd,466c03b7-7c41-5613-a003-dcf4e3fea6c8,GOOGLE_PLACES,ChIJp0LKUX_HVTcRpq6fI5iowc4,https://www.google.com/maps/place/Amrit+restaurant/data=!4m7!3m6!1s0x3755c77f51ca42a7:0xcec1a898239faea6!8m2!3d23.7932824!4d90.4043256!16s%2Fg%2F11h90_09st!19sChIJp0LKUX_HVTcRpq6fI5iowc4?authuser=0&hl=en&rclk=1
c6fba61c-8e97-5ac1-9604-38fab1f17f11,ad37c71a-2496-563d-a1bd-eec8eb1972cf,GOOGLE_PLACES,ChIJZRm02gPHVTcRV9NAjq0Iu3g,https://www.google.com/maps/place/Ruen+Busaba/data=!4m7!3m6!1s0x3755c703dab41965:0x78bb08ad8e40d357!8m2!3d23.7913462!4d90.4061205!16s%2Fg%2F11sw2hmkfc!19sChIJZRm02gPHVTcRV9NAjq0Iu3g?authuser=0&hl=en&rclk=1
ccbf7bce-8ddf-5895-be04-3ed1c7cd42c5,fd81bf05-aea8-599e-8fd2-234e79331966,GOOGLE_PLACES,ChIJVagVXtjHVTcRCeiwVcS1Mr8,https://www.google.com/maps/place/The+Garden+Kitchen+at+Sheraton+Dhaka/data=!4m7!3m6!1s0x3755c7d85e15a855:0xbf32b5c455b0e809!8m2!3d23.7930616!4d90.4060697!16s%2Fg%2F11smct8mpy!19sChIJVagVXtjHVTcRCeiwVcS1Mr8?authuser=0&hl=en&rclk=1
694e5cc5-5579-5603-a6d8-0849ee3ddd92,a1e3d73b-66be-51e0-8ae3-e5834f817228,GOOGLE_PLACES,ChIJRU1MGZ7HVTcRUz-5BrVl0KA,https://www.google.com/maps/place/Haze/data=!4m7!3m6!1s0x3755c79e194c4d45:0xa0d065b506b93f53!8m2!3d23.7905017!4d90.407793!16s%2Fg%2F11rmryy1mh!19sChIJRU1MGZ7HVTcRUz-5BrVl0KA?authuser=0&hl=en&rclk=1
bb1af440-066e-5ec8-862a-1cffe7aa22ce,e8737f31-7a56-55c3-8d19-d478dd36887e,GOOGLE_PLACES,ChIJl6W-ae3HVTcRIFNh6yzmNk8,https://www.google.com/maps/place/Boithok/data=!4m7!3m6!1s0x3755c7ed69bea597:0x4f36e62ceb615320!8m2!3d23.7897829!4d90.4011234!16s%2Fg%2F11hytgr9kw!19sChIJl6W-ae3HVTcRIFNh6yzmNk8?authuser=0&hl=en&rclk=1
1b3db427-53bc-51eb-9516-b3c8c12dbe19,b2c16a34-8c93-5ee5-8a31-9a9e47b9d511,GOOGLE_PLACES,ChIJCa-cr5zHVTcR70Ud7EriuUk,https://www.google.com/maps/place/Barcode+Cafe/data=!4m7!3m6!1s0x3755c79caf9caf09:0x49b9e24aec1d45ef!8m2!3d23.7945957!4d90.4059036!16s%2Fg%2F11cjj1b7m6!19sChIJCa-cr5zHVTcR70Ud7EriuUk?authuser=0&hl=en&rclk=1
1d28069a-3229-5c33-bc4a-492f2f860ef8,784976f5-73e1-5bc2-aef9-fd9a3a4a8393,GOOGLE_PLACES,ChIJ_Rc9aQ7HVTcR-i4Txlb9c0U,https://www.google.com/maps/place/Chillox+Banani/data=!4m7!3m6!1s0x3755c70e693d17fd:0x4573fd56c6132efa!8m2!3d23.790192!4d90.4080726!16s%2Fg%2F11gglr_3w7!19sChIJ_Rc9aQ7HVTcR-i4Txlb9c0U?authuser=0&hl=en&rclk=1
58cf703f-4477-56b5-9775-0f0b9451cb83,518f4b21-2f0e-511f-a9e9-9d8a859d2583,GOOGLE_PLACES,ChIJqyVVdBLHVTcR_miV6cXLB3I,https://www.google.com/maps/place/Terra+Bistro+%28Banani%29/data=!4m7!3m6!1s0x3755c712745525ab:0x7207cbc5e99568fe!8m2!3d23.7907791!4d90.4034878!16s%2Fg%2F11bxc6951k!19sChIJqyVVdBLHVTcR_miV6cXLB3I?authuser=0&hl=en&rclk=1
9640f54f-4ca3-5e09-bd83-dac06d2c78e0,f4b09c2b-2d3e-55b1-93e3-cd2680a5f845,GOOGLE_PLACES,ChIJCzjRxJ3HVTcRLZlooMX6YpA,https://www.google.com/maps/place/d%C3%BCr%C3%BCm+-+Turkish+Doner+%28Banani%29/data=!4m7!3m6!1s0x3755c79dc4d1380b:0x9062fac5a068992d!8m2!3d23.7908963!4d90.4041738!16s%2Fg%2F11hn102rnr!19sChIJCzjRxJ3HVTcRLZlooMX6YpA?authuser=0&hl=en&rclk=1
a3d37079-fcfc-50b0-a58e-4a4f66a9e8f7,35de5a8a-b98f-56ad-a812-b9edd8d5bf43,GOOGLE_PLACES,ChIJXdjkhQvHVTcR7ut3B2F4lZE,https://www.google.com/maps/place/Ginza/data=!4m7!3m6!1s0x3755c70b85e4d85d:0x919578610777ebee!8m2!3d23.7901862!4d90.408032!16s%2Fg%2F11b6hv65xy!19sChIJXdjkhQvHVTcR7ut3B2F4lZE?authuser=0&hl=en&rclk=1
531cc811-8e78-5602-aa03-712f372b4e2e,970d89a1-db07-5428-ba99-112512d6dd82,GOOGLE_PLACES,ChIJW4h-OQzHVTcRUVHl_-QeUmo,https://www.google.com/maps/place/Tarka/data=!4m7!3m6!1s0x3755c70c397e885b:0x6a521ee4ffe55151!8m2!3d23.7899248!4d90.40814!16s%2Fg%2F11b60h8k6_!19sChIJW4h-OQzHVTcRUVHl_-QeUmo?authuser=0&hl=en&rclk=1
df92f93a-ffa3-5234-8aea-6e32d9f2b4cd,004f35a2-d838-5355-b1a4-ba1a2d9debc3,GOOGLE_PLACES,ChIJqxHP_FHHVTcRiG0k3dRckcQ,https://www.google.com/maps/place/VAULT+%7C+Modern+Asian+Restaurant/data=!4m7!3m6!1s0x3755c751fccf11ab:0xc4915cd4dd246d88!8m2!3d23.7945249!4d90.404024!16s%2Fg%2F11wj2brdc9!19sChIJqxHP_FHHVTcRiG0k3dRckcQ?authuser=0&hl=en&rclk=1
0ecf65ed-539e-5892-9966-b9f245025862,82e45ee8-b875-5bb3-9f41-f96ae62993dc,GOOGLE_PLACES,ChIJtdixPEHHVTcR6Ana8zH7W-0,https://www.google.com/maps/place/Khana%27s+Banani/data=!4m7!3m6!1s0x3755c7413cb1d8b5:0xed5bfb31f3da09e8!8m2!3d23.7904551!4d90.408128!16s%2Fg%2F11t5cpnr6w!19sChIJtdixPEHHVTcR6Ana8zH7W-0?authuser=0&hl=en&rclk=1
3eb18f06-8481-5af0-b35f-c08f833a2cec,9da6035a-ddeb-5607-a0cf-5719cb6f44a7,GOOGLE_PLACES,ChIJ3waedADHVTcRh0cWAYl6Jak,https://www.google.com/maps/place/Turkey+Bliss/data=!4m7!3m6!1s0x3755c700749e06df:0xa9257a8901164787!8m2!3d23.7910913!4d90.4016749!16s%2Fg%2F11y57f213j!19sChIJ3waedADHVTcRh0cWAYl6Jak?authuser=0&hl=en&rclk=1
789d7430-f46a-526a-970f-91f191e33adc,c00ee887-2603-5d58-bc6c-eb6e1b0b1bd6,GOOGLE_PLACES,ChIJTRkA8mXHVTcRfaQVioh7zdQ,https://www.google.com/maps/place/HAKKA+DHAKA/data=!4m7!3m6!1s0x3755c765f200194d:0xd4cd7b888a15a47d!8m2!3d23.7900594!4d90.4091277!16s%2Fg%2F11gvd_ykp2!19sChIJTRkA8mXHVTcRfaQVioh7zdQ?authuser=0&hl=en&rclk=1
b3613ab2-5138-5353-8b62-423569c00b04,c429349b-f64a-555d-8874-407464387289,GOOGLE_PLACES,ChIJpbHuZg7HVTcReSeEN13tXUY,https://www.google.com/maps/place/Boomers+Cafe/data=!4m7!3m6!1s0x3755c70e66eeb1a5:0x465ded5d37842779!8m2!3d23.79378!4d90.4043527!16s%2Fg%2F1ttp8nvr!19sChIJpbHuZg7HVTcReSeEN13tXUY?authuser=0&hl=en&rclk=1
3fe2ca03-67dc-5f36-a45d-7aa5fde4fb6c,0098bee2-5c4a-560a-aeb3-b43f6fb4c079,GOOGLE_PLACES,ChIJXZR1hErHVTcRS_lmSt2zpnI,https://www.google.com/maps/place/Cheez+Banani/data=!4m7!3m6!1s0x3755c74a8475945d:0x72a6b3dd4a66f94b!8m2!3d23.7900414!4d90.4091581!16s%2Fg%2F11h2mnj3g7!19sChIJXZR1hErHVTcRS_lmSt2zpnI?authuser=0&hl=en&rclk=1
ed159bb9-1b9c-52ef-9060-0d44f5088e35,a7582b68-1b51-53ff-84a9-82e462cc0771,GOOGLE_PLACES,ChIJx9HNIQzHVTcRE1rTQ6cGcpE,https://www.google.com/maps/place/Jassica+Spa/data=!4m7!3m6!1s0x3755c70c21cdd1c7:0x917206a743d35a13!8m2!3d23.7913708!4d90.4039814!16s%2Fg%2F11f0_cjxb7!19sChIJx9HNIQzHVTcRE1rTQ6cGcpE?authuser=0&hl=en&rclk=1
ace163c8-1591-5ed1-9534-5cd76871f5ab,74176171-7242-5442-9217-6cf5a35866c9,GOOGLE_PLACES,ChIJ1waDcKrHVTcRh6iu3FGUZag,https://www.google.com/maps/place/DUNE+DHAKA/data=!4m7!3m6!1s0x3755c7aa708306d7:0xa8659451dcaea887!8m2!3d23.7899196!4d90.4081695!16s%2Fg%2F11zbfb6c7p!19sChIJ1waDcKrHVTcRh6iu3FGUZag?authuser=0&hl=en&rclk=1
7addfb54-02e7-525b-8649-0326b453d36e,3662f421-c3e0-5307-a2b0-ef514005442b,GOOGLE_PLACES,ChIJ08GFN6bHVTcRJ1tlbH6IZfI,https://www.google.com/maps/place/KFD+Express/data=!4m7!3m6!1s0x3755c7a63785c1d3:0xf265887e6c655b27!8m2!3d23.7930596!4d90.4073008!16s%2Fg%2F11f5v8k211!19sChIJ08GFN6bHVTcRJ1tlbH6IZfI?authuser=0&hl=en&rclk=1
2318b79c-655f-59cd-98c3-eea001ca76d0,03252fec-ccc5-5347-ae08-6bd21604bf50,GOOGLE_PLACES,ChIJk5uwonfHVTcR16cWrYRKVnM,https://www.google.com/maps/place/Shiraj+Chuigosto-+Banani/data=!4m7!3m6!1s0x3755c777a2b09b93:0x73564a84ad16a7d7!8m2!3d23.7929483!4d90.4043784!16s%2Fg%2F11t9ll48_9!19sChIJk5uwonfHVTcR16cWrYRKVnM?authuser=0&hl=en&rclk=1
480f9d5d-7107-5705-9355-c20e236ad330,5c42ef60-385d-5e0c-9473-b03bae35052d,GOOGLE_PLACES,ChIJqVbYIGzHVTcRsNitrpdDnto,https://www.google.com/maps/place/Cha+Bagan/data=!4m7!3m6!1s0x3755c76c20d856a9:0xda9e4397aeadd8b0!8m2!3d23.7946024!4d90.4058933!16s%2Fg%2F11j7yhrcm7!19sChIJqVbYIGzHVTcRsNitrpdDnto?authuser=0&hl=en&rclk=1
bb7a0448-ed82-52cf-90f1-a50652ee7d7c,fcae72fd-9490-5894-9803-892cab008bf0,GOOGLE_PLACES,ChIJKbZ_PUy_VTcR98nWLmXHvYQ,https://www.google.com/maps/place/Cilantro/data=!4m7!3m6!1s0x3755bf4c3d7fb629:0x84bdc7652ed6c9f7!8m2!3d23.7894036!4d90.408207!16s%2Fg%2F1yhbl7tf0!19sChIJKbZ_PUy_VTcR98nWLmXHvYQ?authuser=0&hl=en&rclk=1
d9f858a5-033b-5709-9cbd-620c02632ec7,e647c1e1-04b6-57fa-afec-0c5dc5378024,GOOGLE_PLACES,ChIJyymfLlPHVTcRiSaJVoLsJSU,https://www.google.com/maps/place/Food+Engineering+Banani/data=!4m7!3m6!1s0x3755c7532e9f29cb:0x2525ec8256892689!8m2!3d23.7901573!4d90.4080679!16s%2Fg%2F11lc_69xwq!19sChIJyymfLlPHVTcRiSaJVoLsJSU?authuser=0&hl=en&rclk=1
de47c131-e14b-534e-b707-4a2a1566eebd,33683444-5f2f-583b-8662-c70ae4073354,GOOGLE_PLACES,ChIJFcYxDjnHVTcREeB6-Gr6HJ0,https://www.google.com/maps/place/TRIBE+Rooftop+Lounge/data=!4m7!3m6!1s0x3755c7390e31c615:0x9d1cfa6af87ae011!8m2!3d23.7907678!4d90.4035116!16s%2Fg%2F11hqplyk2_!19sChIJFcYxDjnHVTcREeB6-Gr6HJ0?authuser=0&hl=en&rclk=1
76da97e1-dbdf-557f-8651-808468c310bb,8cf4ecb3-1575-5dec-8545-57595dce573b,GOOGLE_PLACES,ChIJG1dt7pDHVTcRGxvZH9PJXrA,https://www.google.com/maps/place/Coal+%26+Coffee/data=!4m7!3m6!1s0x3755c790ee6d571b:0xb05ec9d31fd91b1b!8m2!3d23.7934925!4d90.4067037!16s%2Fg%2F11ssfklyrq!19sChIJG1dt7pDHVTcRGxvZH9PJXrA?authuser=0&hl=en&rclk=1
5f2ebd10-0379-5bb4-b264-a0d8cade7388,ceb11e12-4937-5602-9464-39d4902d95a2,GOOGLE_PLACES,ChIJRw1thM7HVTcRdKPJvNe4M-s,https://www.google.com/maps/place/Ciao+Dhaka/data=!4m7!3m6!1s0x3755c7ce846d0d47:0xeb33b8d7bcc9a374!8m2!3d23.7898768!4d90.4068448!16s%2Fg%2F11y8_pg2yl!19sChIJRw1thM7HVTcRdKPJvNe4M-s?authuser=0&hl=en&rclk=1
4f91207e-72c5-5263-aa91-6fec76d442fb,595e47b7-97fe-57c9-931e-8624eda7c5ba,GOOGLE_PLACES,ChIJgS3IYbzHVTcR9DAYLiUdH2c,https://www.google.com/maps/place/Kindred+Food+Garden+Banani/data=!4m7!3m6!1s0x3755c7bc61c82d81:0x671f1d252e1830f4!8m2!3d23.7915925!4d90.402745!16s%2Fg%2F11k4v39tzy!19sChIJgS3IYbzHVTcR9DAYLiUdH2c?authuser=0&hl=en&rclk=1
fedc21fd-2ca4-5480-9822-c41900b36537,2b95d5ca-0666-50c3-9a5a-ca0d571f46cc,GOOGLE_PLACES,ChIJcTdhSwzHVTcRtn8ew90MPXQ,https://www.google.com/maps/place/Burger+King+Banani/data=!4m7!3m6!1s0x3755c70c4b613771:0x743d0cddc31e7fb6!8m2!3d23.7910748!4d90.4035312!16s%2Fg%2F11csq5vv4r!19sChIJcTdhSwzHVTcRtn8ew90MPXQ?authuser=0&hl=en&rclk=1
552bb868-ca63-5798-86dd-30801d5b39b2,f6fdaa12-d3dd-5fc4-93a5-5bd4ec5fcdbd,GOOGLE_PLACES,ChIJK_oKQgDHVTcRIc2Qowwf0fc,https://www.google.com/maps/place/Manzar+Banani/data=!4m7!3m6!1s0x3755c700420afa2b:0xf7d11f0ca390cd21!8m2!3d23.7936832!4d90.4053768!16s%2Fg%2F11y3pcl8f9!19sChIJK_oKQgDHVTcRIc2Qowwf0fc?authuser=0&hl=en&rclk=1
74be51e2-b8e6-50cc-9da7-a1ecfa19bb60,1275d7ad-ed0e-5f61-8727-a325909e035f,GOOGLE_PLACES,ChIJ3dV8oCLHVTcR7KVLEg5maYg,https://www.google.com/maps/place/Domino%27s+Pizza+Banani/data=!4m7!3m6!1s0x3755c722a07cd5dd:0x8869660e124ba5ec!8m2!3d23.7900565!4d90.4107216!16s%2Fg%2F11j4ngjk5d!19sChIJ3dV8oCLHVTcR7KVLEg5maYg?authuser=0&hl=en&rclk=1
a59218d5-bf9c-5f87-a08c-90183a7bd25e,a3599f17-903b-5337-9cdd-2c738ca9803d,GOOGLE_PLACES,ChIJV9UU4kzGVTcROaDLsxtjwik,https://www.google.com/maps/place/Pizza+Guy/data=!4m7!3m6!1s0x3755c64ce214d557:0x29c2631bb3cba039!8m2!3d23.7902003!4d90.4080468!16s%2Fg%2F1pp2vfgyw!19sChIJV9UU4kzGVTcROaDLsxtjwik?authuser=0&hl=en&rclk=1
403defdc-3e28-5e10-bdd9-9bb2d97404b4,4d2ebef2-7a60-5ec3-bc26-290764f5578c,GOOGLE_PLACES,ChIJ5UAHBTTHVTcRpcjtvSW1Tuc,https://www.google.com/maps/place/Swade+Bangladesh+-+%E0%A6%B8%E0%A7%8D%E0%A6%AC%E0%A6%BE%E0%A6%A6%E0%A7%87+%E0%A6%AC%E0%A6%BE%E0%A6%82%E0%A6%B2%E0%A6%BE%E0%A6%A6%E0%A7%87%E0%A6%B6/data=!4m7!3m6!1s0x3755c734050740e5:0xe74eb525bdedc8a5!8m2!3d23.7919322!4d90.4062177!16s%2Fg%2F11mrdsjgfs!19sChIJ5UAHBTTHVTcRpcjtvSW1Tuc?authuser=0&hl=en&rclk=1
6830300e-b15d-5762-b364-aa8a923ad01f,54054cca-561f-5b1b-a422-3b0242230966,GOOGLE_PLACES,ChIJeYRd7-HHVTcRQ4B4pMesLm0,https://www.google.com/maps/place/The+Secret+Garden+Banani/data=!4m7!3m6!1s0x3755c7e1ef5d8479:0x6d2eacc7a4788043!8m2!3d23.7924647!4d90.4094797!16s%2Fg%2F11ljyj03y2!19sChIJeYRd7-HHVTcRQ4B4pMesLm0?authuser=0&hl=en&rclk=1
c424ff4b-b89b-528f-a2a9-a55ecf4b1830,ee00b82d-5adf-578e-a98b-c2850e9aaa5c,GOOGLE_PLACES,ChIJTTEW4SrHVTcRWM3__CE28PE,https://www.google.com/maps/place/Nori/data=!4m7!3m6!1s0x3755c72ae116314d:0xf1f03621fcffcd58!8m2!3d23.7913553!4d90.4017327!16s%2Fg%2F11k3ljvjsy!19sChIJTTEW4SrHVTcRWM3__CE28PE?authuser=0&hl=en&rclk=1
58501af6-b888-59e1-8aaf-0af8a2e5864b,58c6b1d3-cb21-55bc-b17e-9d385d07a01e,GOOGLE_PLACES,ChIJq1EzlA3HVTcRg3BIObmm9Eg,"https://www.google.com/maps/place/Japanese+Restaurant+ICHI+in+Banani,+Dhaka./data=!4m7!3m6!1s0x3755c70d943351ab:0x48f4a6b939487083!8m2!3d23.7906659!4d90.4041404!16s%2Fg%2F1tdmhv9_!19sChIJq1EzlA3HVTcRg3BIObmm9Eg?authuser=0&hl=en&rclk=1"
20cdabf8-dbb6-5910-b3e6-573b485375b8,951dd577-0041-5c51-a3c9-5868746b414b,GOOGLE_PLACES,ChIJCQBZ8w3HVTcRFjuAFjdpNVc,https://www.google.com/maps/place/Sushi+Samurai/data=!4m7!3m6!1s0x3755c70df3590009:0x5735693716803b16!8m2!3d23.7911021!4d90.4031759!16s%2Fg%2F11ddxpmks7!19sChIJCQBZ8w3HVTcRFjuAFjdpNVc?authuser=0&hl=en&rclk=1
89f9b906-2b0c-5033-97eb-6ae0c164ea94,7a12e33e-7485-5f11-adee-a002e7ad7bc1,GOOGLE_PLACES,ChIJcZ0_hgvHVTcRSoIDyC6I5Ag,https://www.google.com/maps/place/BFC+-+Banani/data=!4m7!3m6!1s0x3755c70b863f9d71:0x8e4882ec803824a!8m2!3d23.7901885!4d90.4080516!16s%2Fg%2F1hc3_9d6t!19sChIJcZ0_hgvHVTcRSoIDyC6I5Ag?authuser=0&hl=en&rclk=1
5dd93cd9-98a7-57a7-a593-f677847a0bee,5dd91301-5651-5861-a96d-bb96093b604b,GOOGLE_PLACES,ChIJbWyeJAzHVTcRWJS3lPCkmd0,https://www.google.com/maps/place/Salam%27s+Kitchen/data=!4m7!3m6!1s0x3755c70c249e6c6d:0xdd99a4f094b79458!8m2!3d23.7918894!4d90.4068485!16s%2Fg%2F11c45qfchd!19sChIJbWyeJAzHVTcRWJS3lPCkmd0?authuser=0&hl=en&rclk=1
1f70fb73-b319-5c3b-8792-38830c48d928,46ebfd05-3c92-5652-99f2-cf21ad3183a0,GOOGLE_PLACES,ChIJay2SHQDHVTcRflZIhJ5VXGI,https://www.google.com/maps/place/Khichuriwala/data=!4m7!3m6!1s0x3755c7001d922d6b:0x625c559e8448567e!8m2!3d23.792193!4d90.4062435!16s%2Fg%2F11y69r5d0q!19sChIJay2SHQDHVTcRflZIhJ5VXGI?authuser=0&hl=en&rclk=1
f3652da4-1af5-5c56-9a6a-37db3c1326fb,fbaa4d68-0098-500f-8edc-0c58814d9750,GOOGLE_PLACES,ChIJhSpjOwDBVTcRpayhPaRpqNo,https://www.google.com/maps/place/Uncle+Bobo%27s+Banani/data=!4m7!3m6!1s0x3755c1003b632a85:0xdaa869a43da1aca5!8m2!3d23.7920074!4d90.4057971!16s%2Fg%2F11x01l4x7m!19sChIJhSpjOwDBVTcRpayhPaRpqNo?authuser=0&hl=en&rclk=1
0d494c32-ec2f-5e5f-9f3b-3660aa2314a2,324172e0-2e3b-5444-b669-db062b4eb33a,GOOGLE_PLACES,ChIJEz-llJjHVTcRnIQ0LxdDGDY,https://www.google.com/maps/place/NAM/data=!4m7!3m6!1s0x3755c79894a53f13:0x361843172f34849c!8m2!3d23.789889!4d90.4068435!16s%2Fg%2F11nj5rft9p!19sChIJEz-llJjHVTcRnIQ0LxdDGDY?authuser=0&hl=en&rclk=1
55f8fccb-b0be-5c4e-b7c7-a11469772c92,4be38bde-40cc-505a-9089-8df26a95dec1,GOOGLE_PLACES,ChIJe9nux9zHVTcRVGlbO1FU7ZY,https://www.google.com/maps/place/Bibi+Dhaba/data=!4m7!3m6!1s0x3755c7dcc7eed97b:0x96ed54513b5b6954!8m2!3d23.7925682!4d90.4066162!16s%2Fg%2F11rd5g65yf!19sChIJe9nux9zHVTcRVGlbO1FU7ZY?authuser=0&hl=en&rclk=1
0e6f638f-40a8-5c4d-ba61-8772fac2afa4,fa0eae63-f00f-5c2f-847e-b6709b1070ac,GOOGLE_PLACES,ChIJ7aUuJ8DHVTcRdRdPP1EK7mg,https://www.google.com/maps/place/Waffle+Up+-+Banani/data=!4m7!3m6!1s0x3755c7c0272ea5ed:0x68ee0a513f4f1775!8m2!3d23.7914063!4d90.4075455!16s%2Fg%2F11rjmscnxl!19sChIJ7aUuJ8DHVTcRdRdPP1EK7mg?authuser=0&hl=en&rclk=1
c040dd83-9a0c-5cca-b9e3-6f02051f5ae3,676af583-18a2-5577-8df3-c9c564976ae2,GOOGLE_PLACES,ChIJdTrrtA3HVTcR-S4hgvNMl-A,https://www.google.com/maps/place/American+Burger+Banani/data=!4m7!3m6!1s0x3755c70db4eb3a75:0xe0974cf382212ef9!8m2!3d23.7908043!4d90.4052643!16s%2Fg%2F1tvm13ng!19sChIJdTrrtA3HVTcR-S4hgvNMl-A?authuser=0&hl=en&rclk=1
d23efc4b-bba0-52c5-a0b2-72227ac3cd75,552bd834-3bb0-5650-b3b9-77cc25b522d8,GOOGLE_PLACES,ChIJA9qPql_HVTcRp1b1RwHGMPY,https://www.google.com/maps/place/Hungry+Rooster+-+Banani/data=!4m7!3m6!1s0x3755c75faa8fda03:0xf630c60147f556a7!8m2!3d23.7919899!4d90.4092254!16s%2Fg%2F11vb7g1x0v!19sChIJA9qPql_HVTcRp1b1RwHGMPY?authuser=0&hl=en&rclk=1
ea462a35-0d05-51ec-b2c8-82b377ecce6b,d45dfe5e-7fd8-581f-a56e-57fb0f133380,GOOGLE_PLACES,ChIJiQS4tw3HVTcRT8ZZuWGTYBE,https://www.google.com/maps/place/New+Cathay/data=!4m7!3m6!1s0x3755c70db7b80489:0x11609361b959c64f!8m2!3d23.7909928!4d90.4050265!16s%2Fg%2F1jglwbdtt!19sChIJiQS4tw3HVTcRT8ZZuWGTYBE?authuser=0&hl=en&rclk=1
c74211b7-842f-52ee-b18a-a9b5e095ae90,9846566c-51ae-51cf-81ca-262e09ae451c,GOOGLE_PLACES,ChIJC4c16vXHVTcRiWa5btl069U,https://www.google.com/maps/place/Kebabzz+Banani/data=!4m7!3m6!1s0x3755c7f5ea35870b:0xd5eb74d96eb96689!8m2!3d23.7911043!4d90.4010443!16s%2Fg%2F11whn9przy!19sChIJC4c16vXHVTcRiWa5btl069U?authuser=0&hl=en&rclk=1
93ef5b00-fa3d-5867-9fdb-be6cd01437f6,d119dfd8-913c-5825-bdaf-ff4fdc034b4a,GOOGLE_PLACES,ChIJF1Oz5I7HVTcRiILmHcO8xPo,"https://www.google.com/maps/place/Mezzan+Haile+Aiun,+Dhaka/data=!4m7!3m6!1s0x3755c78ee4b35317:0xfac4bcc31de68288!8m2!3d23.7932094!4d90.4048241!16s%2Fg%2F11k5cwjtg2!19sChIJF1Oz5I7HVTcRiILmHcO8xPo?authuser=0&hl=en&rclk=1"
1923c200-2bff-5d9f-8717-35508ef8753c,ecbfc94d-5334-53b7-a3e9-f0ef837356a9,GOOGLE_PLACES,ChIJA0QpjZ3HVTcRkZZIqFgSs5c,https://www.google.com/maps/place/Great+Britain+Fish+n+Chips/data=!4m7!3m6!1s0x3755c79d8d294403:0x97b31258a8489691!8m2!3d23.7923622!4d90.4065!16s%2Fg%2F11tp5pv7v1!19sChIJA0QpjZ3HVTcRkZZIqFgSs5c?authuser=0&hl=en&rclk=1
5fef0b9d-7ca9-584c-a232-1bf8f2284f7e,fc4303c5-96cc-5e73-9693-2e32c1beb026,GOOGLE_PLACES,ChIJVQ9DLQ_HVTcRztEHQW2lihE,https://www.google.com/maps/place/Attin+Arabian+Restaurant/data=!4m7!3m6!1s0x3755c70f2d430f55:0x118aa56d4107d1ce!8m2!3d23.7960337!4d90.4079723!16s%2Fg%2F11csrxwjft!19sChIJVQ9DLQ_HVTcRztEHQW2lihE?authuser=0&hl=en&rclk=1
e6a1cd5a-659d-55a1-a67e-1f32e7f78531,c9a80b92-b6e5-5101-bc47-88d77ed7a91e,GOOGLE_PLACES,ChIJWSkw6w3HVTcRwfGqr7FWb5Y,https://www.google.com/maps/place/Pizza+Inn+Banani/data=!4m7!3m6!1s0x3755c70deb302959:0x966f56b1afaaf1c1!8m2!3d23.7904278!4d90.4066402!16s%2Fg%2F11bxflx03c!19sChIJWSkw6w3HVTcRwfGqr7FWb5Y?authuser=0&hl=en&rclk=1
3ed327e6-3531-5a6d-8917-06d79e76b118,7bbd6b2d-ed06-55c4-b97d-5bb576361ef7,GOOGLE_PLACES,ChIJt14SqHTHVTcRCDAcuDr_srI,https://www.google.com/maps/place/Chokka/data=!4m7!3m6!1s0x3755c774a8125eb7:0xb2b2ff3ab81c3008!8m2!3d23.7915677!4d90.4028146!16s%2Fg%2F11kj_65thb!19sChIJt14SqHTHVTcRCDAcuDr_srI?authuser=0&hl=en&rclk=1
5926df72-f51c-5854-ad47-251b2a839bfe,0d158e89-0f15-5917-9a6f-77a2ac3c4a1f,GOOGLE_PLACES,ChIJu_JgwQ3HVTcRadJ8feSSRBg,https://www.google.com/maps/place/Lakeshore+Suites/data=!4m10!3m9!1s0x3755c70dc160f2bb:0x184492e47d7cd269!5m2!4m1!1i2!8m2!3d23.7913191!4d90.404474!16s%2Fg%2F11b5wfg4_z!19sChIJu_JgwQ3HVTcRadJ8feSSRBg?authuser=0&hl=en&rclk=1
04f1e27d-335a-5594-bab1-0fe5f4e84b2c,344b9bf0-9de6-5181-83e2-e2549284efde,GOOGLE_PLACES,ChIJzQUIQLzHVTcRHt3mEQx7MVc,https://www.google.com/maps/place/Burgwich+TOWN+Dhaka/data=!4m7!3m6!1s0x3755c7bc400805cd:0x57317b0c11e6dd1e!8m2!3d23.7945726!4d90.4058699!16s%2Fg%2F11qpw2qp8_!19sChIJzQUIQLzHVTcRHt3mEQx7MVc?authuser=0&hl=en&rclk=1
4c3c713c-84a8-5a58-805b-aabaab8777b8,a49e8bfb-87c0-56f3-b131-cd1b9356b32d,GOOGLE_PLACES,ChIJxXagrA7HVTcRGiEq9XSOxdk,https://www.google.com/maps/place/New+Gold+Star+Restora/data=!4m7!3m6!1s0x3755c70eaca076c5:0xd9c58e74f52a211a!8m2!3d23.7928734!4d90.4079305!16s%2Fg%2F11f3jybzv8!19sChIJxXagrA7HVTcRGiEq9XSOxdk?authuser=0&hl=en&rclk=1
278dbcfe-fa0e-536c-b65e-ea0b89fb5e48,03ffa125-9f2f-5b91-8223-0335a5ff78d3,GOOGLE_PLACES,ChIJa3cCPxLHVTcRtqSJU1KfaLY,https://www.google.com/maps/place/Pizza+Hut+Banani/data=!4m7!3m6!1s0x3755c7123f02776b:0xb6689f525389a4b6!8m2!3d23.7913006!4d90.4017486!16s%2Fg%2F12m97fn3x!19sChIJa3cCPxLHVTcRtqSJU1KfaLY?authuser=0&hl=en&rclk=1
029d0c40-c966-5eae-835e-44254e308dc1,8edb8704-90a9-5783-bd84-45d69d04b76b,GOOGLE_PLACES,ChIJx_mAfyrHVTcRZxmg1d4Qlz0,https://www.google.com/maps/place/QD%27s/data=!4m7!3m6!1s0x3755c72a7f80f9c7:0x3d9710ded5a01967!8m2!3d23.7911662!4d90.4016497!16s%2Fg%2F11n18s079b!19sChIJx_mAfyrHVTcRZxmg1d4Qlz0?authuser=0&hl=en&rclk=1
07c1afa6-cb48-5786-85b5-afc3a317e715,b2c2bf55-97b5-5e9c-960a-bc7945b1bc26,GOOGLE_PLACES,ChIJ3dLPYQ7HVTcRxb1cj-SN2ZM,https://www.google.com/maps/place/KFC+Banani/data=!4m7!3m6!1s0x3755c70e61cfd2dd:0x93d98de48f5cbdc5!8m2!3d23.7935805!4d90.4053793!16s%2Fg%2F1tlvmx3f!19sChIJ3dLPYQ7HVTcRxb1cj-SN2ZM?authuser=0&hl=en&rclk=1
d88603f0-1e2a-53ee-ad73-6e0c792b7f57,6321d715-7961-5416-a0ac-16cd233488ad,GOOGLE_PLACES,ChIJ1cN3RgDHVTcRwlvv8u4roFE,https://www.google.com/maps/place/Tehari+Baba/data=!4m7!3m6!1s0x3755c7004677c3d5:0x51a02beef2ef5bc2!8m2!3d23.7927787!4d90.4081802!16s%2Fg%2F11y8v_6wwq!19sChIJ1cN3RgDHVTcRwlvv8u4roFE?authuser=0&hl=en&rclk=1
f99d1a0a-85e7-55ef-8152-acbacfbe6820,c430db4d-21d5-555d-a76d-df1b870f4db6,GOOGLE_PLACES,ChIJ9ZuTR9fFVTcRPrY5uZGOcm8,https://www.google.com/maps/place/CAF/data=!4m7!3m6!1s0x3755c5d747939bf5:0x6f728e91b939b63e!8m2!3d23.7934875!4d90.4036701!16s%2Fg%2F11fj2mn7g1!19sChIJ9ZuTR9fFVTcRPrY5uZGOcm8?authuser=0&hl=en&rclk=1
6bd5347d-3121-5ccc-be09-09a22e6df17b,3de02aee-b41a-51af-a68e-28aa5533682f,GOOGLE_PLACES,ChIJW78QXADHVTcRYm39QK6vuNk,https://www.google.com/maps/place/Waza/data=!4m7!3m6!1s0x3755c7005c10bf5b:0xd9b8afae40fd6d62!8m2!3d23.7907867!4d90.4056791!16s%2Fg%2F11ydnqpl35!19sChIJW78QXADHVTcRYm39QK6vuNk?authuser=0&hl=en&rclk=1
8ca0c8aa-9ef3-525c-af9e-8c808d2a1cfb,c9db7622-6e78-523d-b56b-56ebf5a392d1,GOOGLE_PLACES,ChIJBZYiL5PHVTcR22vT9kuVR40,https://www.google.com/maps/place/Chilis/data=!4m7!3m6!1s0x3755c7932f229605:0x8d47954bf6d36bdb!8m2!3d23.7902075!4d90.4102144!16s%2Fg%2F11j7yglt3x!19sChIJBZYiL5PHVTcR22vT9kuVR40?authuser=0&hl=en&rclk=1
d153bea8-ba83-59ed-9d7e-8245eb1c4019,16c6c3ee-70ef-548e-9d08-eadb08b74a57,GOOGLE_PLACES,ChIJSVP68njHVTcRiUdOw6HN7w0,https://www.google.com/maps/place/Koyla+Restaurant+%26+Kebab/data=!4m7!3m6!1s0x3755c778f2fa5349:0xdefcda1c34e4789!8m2!3d23.7710495!4d90.4112127!16s%2Fg%2F1pxw3yvbv!19sChIJSVP68njHVTcRiUdOw6HN7w0?authuser=0&hl=en&rclk=1
d46fc163-079f-51d5-9fe2-8e5eb1f3f9fd,162f44e2-9a74-5c72-aabe-303d4c675712,GOOGLE_PLACES,ChIJxasydgzHVTcRILoDiDYbcyM,https://www.google.com/maps/place/Bluemoon+Recreation+Club/data=!4m7!3m6!1s0x3755c70c7632abc5:0x23731b368803ba20!8m2!3d23.7905967!4d90.4078082!16s%2Fg%2F12hlxvbtd!19sChIJxasydgzHVTcRILoDiDYbcyM?authuser=0&hl=en&rclk=1
a99a60d9-cfbb-500c-bf56-fd329687e807,2886b6e5-ad71-5479-822b-007145d3e65c,GOOGLE_PLACES,ChIJKeI7WgDHVTcRZx81PgtYPPw,https://www.google.com/maps/place/G.O.A.T/data=!4m7!3m6!1s0x3755c7005a3be229:0xfc3c580b3e351f67!8m2!3d23.7914866!4d90.4071097!16s%2Fg%2F11whv0rs27!19sChIJKeI7WgDHVTcRZx81PgtYPPw?authuser=0&hl=en&rclk=1