id,restaurant_id,attribute_key,attribute_value
ed287696-a55e-533b-afed-a8cc71d4fec9,c435dc89-9e5f-5ca4-938f-988210be1b34,category,"""Restaurant"""
8c9962b0-138f-5709-8d35-3cee31603055,c435dc89-9e5f-5ca4-938f-988210be1b34,opening_hours,"""Closes soon 12 am · Opens 6:30 am S"""
0d69c2e8-1257-5413-8f54-6db5cff5939a,c435dc89-9e5f-5ca4-938f-988210be1b34,service_options,"""Dine-in, Drive-through, No-contact delivery"""
29c9e3b0-2d63-5205-8fc5-44255f5681d2,63bd3b08-6d35-5912-9843-cdbdf8b89cce,category,"""Family-friendly"""
efd8ec9b-b445-5bfd-8314-6e033c3127e3,63bd3b08-6d35-5912-9843-cdbdf8b89cce,opening_hours,"""Open Closes 4 am"""
ef2a1e96-30fd-58c3-b7ff-79ddb69cd6ec,63bd3b08-6d35-5912-9843-cdbdf8b89cce,service_options,"""Dine-in, Takeaway, No-contact delivery"""
d67ef588-f942-500d-bdae-9ac1b0a3228f,2c46084e-f69b-59be-81a8-fe8470bc1fdf,category,"""Restaurant"""
e656bbbd-3236-5fe2-a175-5e0c1021ce8a,2c46084e-f69b-59be-81a8-fe8470bc1fdf,service_options,"""Dine-in, Takeaway"""
e6bdd120-4cf2-5ed5-8c72-ab2172102eb0,38c9dda3-5649-572e-b911-7a171e9e9cd2,category,"""Restaurant"""
795784b9-2e9f-5e22-92cc-6fd6531254a3,38c9dda3-5649-572e-b911-7a171e9e9cd2,opening_hours,"""Open Closes 12:30 am"""
04887ed5-80bc-5774-b5fe-c530bc718c7a,38c9dda3-5649-572e-b911-7a171e9e9cd2,service_options,"""Dine-in, Takeaway, Delivery"""
c0d54076-5f1a-53aa-9b1e-217726ccac91,38c9dda3-5649-572e-b911-7a171e9e9cd2,price_range,"""৳200–400"""
5182327e-bd2b-5e2d-a8e4-ea5dceb95136,9ae6c9a6-69bc-501c-b6b3-e51bcb4b1e0a,category,"""Restaurant"""
fbeca254-7932-574a-ad4b-0d49c34a4de9,9ae6c9a6-69bc-501c-b6b3-e51bcb4b1e0a,opening_hours,"""Closed Opens 11 am Sat"""
c299bfec-8664-501d-9ef6-ad5cc5a515d5,9ae6c9a6-69bc-501c-b6b3-e51bcb4b1e0a,service_options,"""Dine-in, Drive-through, No-contact delivery"""
50592f6f-4153-5ead-a637-148732cbcfa3,9ae6c9a6-69bc-501c-b6b3-e51bcb4b1e0a,price_range,"""৳400–1,400"""
04ac475b-e30c-5b80-888e-cca35e1afe52,27d8dee1-daa3-5431-8f9b-9c96b4d3a5a6,category,"""Steak"""
3a1d9fd4-3bb1-56fd-b606-2294dfeee69e,27d8dee1-daa3-5431-8f9b-9c96b4d3a5a6,opening_hours,"""Closed Opens 1 pm Sat"""
6021c4f7-6678-5c5d-bf2e-905647f981d5,27d8dee1-daa3-5431-8f9b-9c96b4d3a5a6,service_options,"""Dine-in, Kerbside pickup, Delivery"""
d52661af-b1f6-5819-b79c-56d68b336f95,27d8dee1-daa3-5431-8f9b-9c96b4d3a5a6,price_range,"""৳2,000+"""
d69bc664-aa99-5b67-9389-525804aed663,6f74590f-8a56-504b-9944-3b02773c3991,category,"""Restaurant"""
95e2153b-bc97-5707-8106-0b72ae5dd400,6f74590f-8a56-504b-9944-3b02773c3991,opening_hours,"""Closed Opens 10:30 am Sat"""
a7b0c983-ca74-5474-88f8-7f86fea551f7,6f74590f-8a56-504b-9944-3b02773c3991,service_options,"""Dine-in, Drive-through, No-contact delivery"""
0c5db3f6-b282-5737-9da9-44abf5c50629,6f74590f-8a56-504b-9944-3b02773c3991,price_range,"""৳2,000+"""
85ceaa49-0cc1-5c21-a9fc-dd13809f364d,c7ecf395-bd66-58c6-a89b-be6a9043f2c4,category,"""Buffet"""
12d4fd06-72dc-5438-96d5-1eb82eb51c8a,c7ecf395-bd66-58c6-a89b-be6a9043f2c4,opening_hours,"""Closed Opens 12 pm Sat"""
4cfcc9e5-dba6-5bbe-9070-83b9f1859cb4,c7ecf395-bd66-58c6-a89b-be6a9043f2c4,service_options,"""Dine-in, Takeaway"""
29e858d5-d0c9-50a9-b02a-1597ec00dd54,c7ecf395-bd66-58c6-a89b-be6a9043f2c4,price_range,"""৳1,000–1,800"""
c3b4b363-17ca-5693-9d77-0144406462a7,42e1385f-ad7c-5b54-8460-04616070e3ea,category,"""Restaurant"""
fd6114a2-005d-5445-b881-c1edfe72bf2c,42e1385f-ad7c-5b54-8460-04616070e3ea,opening_hours,"""Closed Opens 10 am Sat"""
ddffc53f-cb39-55de-bf1d-89cc14b7ebb9,42e1385f-ad7c-5b54-8460-04616070e3ea,service_options,"""Dine-in, Drive-through, No-contact delivery"""
39384b11-9f3f-5f2d-8e56-4d61d9ed1bf7,a62b6af6-5c1d-5787-aa2d-ff066a40d3fb,category,"""Restaurant"""
a983b610-f967-5ae3-bc43-74866e680adf,a62b6af6-5c1d-5787-aa2d-ff066a40d3fb,opening_hours,"""Open Closes 1 am"""
cfcaa2ee-4d69-5f30-a254-da4a9e00e8a7,a62b6af6-5c1d-5787-aa2d-ff066a40d3fb,service_options,"""Dine-in, Drive-through, No-contact delivery"""
ee3777ba-147e-52d7-ae96-b01ab612a3fc,36b90192-41a4-5227-9654-66d0da9d6da7,category,"""Restaurant"""
e751ec11-0750-5aba-88b9-691a32568948,36b90192-41a4-5227-9654-66d0da9d6da7,opening_hours,"""Closed Opens 12 pm Sat"""
6e535858-bc39-561b-93a0-ac4c3698a691,36b90192-41a4-5227-9654-66d0da9d6da7,service_options,"""Dine-in, Takeaway, Delivery"""
908450eb-ff76-5d42-ad1e-b8bfbdb5234c,36b90192-41a4-5227-9654-66d0da9d6da7,price_range,"""৳2,000+"""
50d3054d-01fe-56c1-89ad-7b67ecd04638,57781c3a-77b4-540f-8cde-4c92e014f09f,category,"""Restaurant"""
799a3354-9f84-5fb6-b5ba-a312298ae038,57781c3a-77b4-540f-8cde-4c92e014f09f,opening_hours,"""Closed Opens 12 pm Sat"""
b42e0f8c-21a5-5e97-b56e-8bdf4ff994eb,57781c3a-77b4-540f-8cde-4c92e014f09f,service_options,"""Dine-in, Drive-through, No-contact delivery"""
faefb4b6-76b3-5310-82d0-d1483982ef03,d0b25ef4-a811-5b95-a1b7-06578e0f041e,category,"""Chinese"""
e6723b2f-2907-5e0d-b009-bd77383aaa47,d0b25ef4-a811-5b95-a1b7-06578e0f041e,opening_hours,"""Closed Opens 12 pm Sat"""
9b05de34-8f12-5035-ab0b-cc5e7a72d0ae,d0b25ef4-a811-5b95-a1b7-06578e0f041e,service_options,"""Dine-in, Kerbside pickup, Delivery"""
3630e2a3-4624-5e70-a8f5-a2494320b621,d0b25ef4-a811-5b95-a1b7-06578e0f041e,price_range,"""৳400–1,600"""
297fa520-9393-5e86-83ce-f5a16bdb0836,2bd4ad9f-f190-5427-8fc9-80dea32030f8,category,"""Restaurant"""
7efee2cb-5022-5fcd-9e28-ddaa1580663a,2bd4ad9f-f190-5427-8fc9-80dea32030f8,opening_hours,"""Open Closes 1 am"""
ed71e0db-7af0-54af-9d1e-62011ca0f990,2bd4ad9f-f190-5427-8fc9-80dea32030f8,service_options,"""Dine-in, Drive-through, No-contact delivery"""
55f13fab-c7e6-58a8-b89d-290fcca3642f,2bd4ad9f-f190-5427-8fc9-80dea32030f8,price_range,"""৳600–1,600"""
894f0e95-56a8-554b-ac59-3bb57a863cb0,9bad97a8-0891-5f53-a6a8-29bad7786630,category,"""Fast Food"""
fd18edf1-2739-515a-b2a5-90ff10b4cb65,9bad97a8-0891-5f53-a6a8-29bad7786630,opening_hours,"""Open Closes 2 am"""
3671174d-6718-5e97-a94e-6a97658b1103,9bad97a8-0891-5f53-a6a8-29bad7786630,service_options,"""Dine-in, Drive-through, No-contact delivery"""
cd9ce383-bf9f-58ca-b6be-f8d2666547d6,9bad97a8-0891-5f53-a6a8-29bad7786630,price_range,"""৳400–1,200"""
211ecfd6-6ebf-5fbc-b90e-71f64e11378f,840273ea-116b-57ea-81a4-97587663fa89,category,"""Seafood"""
f82a2b18-352b-5858-b650-3a69714019d2,840273ea-116b-57ea-81a4-97587663fa89,opening_hours,"""Closes soon 12 am · Opens 12 pm Sa"""
05bc2240-7ea5-558d-b8c0-16b4f367b353,840273ea-116b-57ea-81a4-97587663fa89,service_options,"""Dine-in, Takeaway, No-contact delivery"""
6fc23421-0041-55a9-9222-d516e41f5ffe,840273ea-116b-57ea-81a4-97587663fa89,price_range,"""৳2,000+"""
3528d201-0fc7-5ea3-b267-85a33572213c,0b1cf7c8-02ba-5c06-9313-724350516f70,category,"""Restaurant"""
f47ff2ad-7214-5029-8dbc-2be0f1e37d9f,0b1cf7c8-02ba-5c06-9313-724350516f70,opening_hours,"""Closed Opens 12 pm Sat"""
9e1e2ffb-9c87-51e0-abcd-3a67935ae338,0b1cf7c8-02ba-5c06-9313-724350516f70,service_options,"""Dine-in, Drive-through, Delivery"""
fdea0538-0b6d-5934-91cf-7a8a998d0573,d3dfc267-34d8-5740-a514-2ffb7629a576,category,"""Restaurant"""
074a2647-150f-56b5-8088-9e78596ce05a,d3dfc267-34d8-5740-a514-2ffb7629a576,opening_hours,"""Closes soon 11:30 pm · Opens 8 am S"""
a126b7c2-e3f7-5655-ad0d-3a6ff26c7d02,d3dfc267-34d8-5740-a514-2ffb7629a576,service_options,"""Dine-in, Kerbside pickup, No-contact delivery"""
ca96bc97-b082-53ba-a2ea-008b2b6b117c,1d8a3b83-b5a3-5ff6-b517-d033a1b226e7,category,"""Japanese"""
51753d23-5b73-59f8-aae0-d7e5587f238c,1d8a3b83-b5a3-5ff6-b517-d033a1b226e7,opening_hours,"""Closed Opens 12 pm Sat"""
6a9f730b-c291-5711-a9ef-0d2dd01e0bda,1d8a3b83-b5a3-5ff6-b517-d033a1b226e7,service_options,"""Dine-in, Takeaway, Delivery"""
6d5bd2e0-5977-55be-84dc-c05f0a63f9d8,9ea2591f-6aea-5b80-9c0e-f72a9fbd52f6,category,"""Thai"""
7d384c0c-415d-51c7-8c15-64fa2e6ef29d,9ea2591f-6aea-5b80-9c0e-f72a9fbd52f6,opening_hours,"""Closed Opens 12 pm Sat"""
f21e8a12-b26f-576c-b522-c86df5f5c918,9ea2591f-6aea-5b80-9c0e-f72a9fbd52f6,service_options,"""Dine-in, Takeaway, No-contact delivery"""
672dc35c-be25-56d0-9e55-3168b37ed0e3,9ea2591f-6aea-5b80-9c0e-f72a9fbd52f6,price_range,"""৳400–1,400"""
34589572-7589-59e0-90ca-e55361111403,c59e5468-752a-55d7-bd6a-3b2d6a3196b2,category,"""Restaurant"""
9fc1c78d-fd29-57f4-89a2-f11f278c903f,c59e5468-752a-55d7-bd6a-3b2d6a3196b2,opening_hours,"""Open Closes 1 am"""
c54c5426-0aa9-5496-b390-3f7a242566b7,c59e5468-752a-55d7-bd6a-3b2d6a3196b2,price_range,"""৳400–1,600"""
4ef520a7-84e5-565e-9230-fe2b03a072af,4f462e7b-b3bc-5d0b-aa20-3ad08d0597dd,category,"""Indian"""
f75a395c-2fd9-5dd6-ba89-f3e8b2901b96,4f462e7b-b3bc-5d0b-aa20-3ad08d0597dd,opening_hours,"""Closes soon 11:30 pm · Opens 12 pm"""
5103c7d1-3931-5fec-ad9c-78c63bff7fbd,4f462e7b-b3bc-5d0b-aa20-3ad08d0597dd,service_options,"""Dine-in, Takeaway"""
75cf7213-f5c1-5ff7-b497-bc4533436d6b,4f462e7b-b3bc-5d0b-aa20-3ad08d0597dd,price_range,"""৳400–1,600"""
fefc24fb-3e57-54e6-b483-fae8352ecb12,177c1e5f-f576-5f89-9ec2-e6149f4c4ab2,category,"""Buffet"""
a677ebca-09f0-560a-a032-9bb1838a326d,177c1e5f-f576-5f89-9ec2-e6149f4c4ab2,opening_hours,"""Closed Opens 10 am Sat"""
1796d290-2fc8-5202-ad35-8d70e28837a5,177c1e5f-f576-5f89-9ec2-e6149f4c4ab2,service_options,"""Dine-in, Drive-through, No-contact delivery"""
48914882-9c50-5e51-b19e-67f8c93b910d,177c1e5f-f576-5f89-9ec2-e6149f4c4ab2,price_range,"""৳1,000–1,400"""
45957a3e-946e-589d-bfab-349e47b7f555,9244a314-7524-533b-8563-201a539a87f3,category,"""Restaurant"""
e72608be-7eac-55d3-aa25-63c5533d30f5,9244a314-7524-533b-8563-201a539a87f3,opening_hours,"""Closed Opens 12 pm Sat"""
fcc09694-6ff4-5ba8-be07-5f4d35a3c294,9244a314-7524-533b-8563-201a539a87f3,service_options,"""Dine-in, Takeaway, No-contact delivery"""
573476de-e1f0-50fa-9932-00e480c549d1,3789498f-d919-5734-8944-234ce5f67152,category,"""Restaurant"""
20452132-3401-518d-9eee-418be05a6a8c,3789498f-d919-5734-8944-234ce5f67152,opening_hours,"""Closes soon 11:30 pm · Opens 6 pm S"""
8c69bcd9-b258-502a-a68e-eb5c124a7aff,3789498f-d919-5734-8944-234ce5f67152,service_options,"""Dine-in, Drive-through, No-contact delivery"""
ca7ec5f7-3bbc-5149-a067-cf5fa9a3bb0f,3789498f-d919-5734-8944-234ce5f67152,price_range,"""৳2,000+"""
37a86cf2-2287-57c4-8824-26cc96cd2ede,1d0b152e-ccf2-5e4f-864d-ef15cb32d834,category,"""Japanese"""
098ced0f-72fa-5403-9c15-ced93c49a634,1d0b152e-ccf2-5e4f-864d-ef15cb32d834,opening_hours,"""Closed Opens 12 pm Sat"""
fe73b1e2-c705-5ca2-a058-5de8a77315de,1d0b152e-ccf2-5e4f-864d-ef15cb32d834,service_options,"""Dine-in, Kerbside pickup, No-contact delivery"""
1c8bccfc-83b4-5c9d-ba63-d728f50fd42d,49de3cae-decb-55aa-907f-40f3509387ce,category,"""Buffet"""
6c19be4d-d811-5d7b-ac2d-d8c61e97aae9,49de3cae-decb-55aa-907f-40f3509387ce,opening_hours,"""Closed Opens 10 am Sat"""
4b7ab781-2400-5fe7-a5e6-90301a377458,49de3cae-decb-55aa-907f-40f3509387ce,service_options,"""Dine-in, Drive-through"""
95c52703-7865-520a-9b21-a1b63e00cc5c,49de3cae-decb-55aa-907f-40f3509387ce,price_range,"""৳1,000–1,600"""
ce707178-009b-5795-8b89-4c917e931224,186d68dd-032e-5679-ad93-749ab57f9cf0,category,"""Restaurant"""
63c867b9-41b7-5fad-85c9-cf181e91763d,186d68dd-032e-5679-ad93-749ab57f9cf0,opening_hours,"""Closed Opens 12:30 pm Sat"""
83148dcb-bb5d-5255-8adb-d4747fa5a664,186d68dd-032e-5679-ad93-749ab57f9cf0,service_options,"""Dine-in, Drive-through, No-contact delivery"""
3256f506-10e8-54b6-8f90-4169a74f81b6,b1243ac5-1860-5bfc-8abc-4ebb4623d03f,category,"""Bangladeshi"""
62e800a3-1fdd-5588-9fda-fc6d5f65da2e,b1243ac5-1860-5bfc-8abc-4ebb4623d03f,opening_hours,"""Closed Opens 12 pm Sat"""
1bfba1a9-932c-53b9-aa72-7cdce4a0dc48,b1243ac5-1860-5bfc-8abc-4ebb4623d03f,service_options,"""Dine-in, Drive-through, No-contact delivery"""
a2e6f0d7-2f05-5908-8398-dfc5c008b842,b1243ac5-1860-5bfc-8abc-4ebb4623d03f,price_range,"""৳200–600"""
2a21b65a-089b-5b57-9678-cd4e6a698e8a,e748bc7e-2237-5536-b7e3-ad17a1663a5a,category,"""Restaurant"""
6b3562ab-fa02-59c7-8049-2e3a7ac5e3ac,e748bc7e-2237-5536-b7e3-ad17a1663a5a,opening_hours,"""Closed Opens 11 am Sat"""
4395ed08-bc5c-5a3b-a75a-8a95352a42f9,e748bc7e-2237-5536-b7e3-ad17a1663a5a,service_options,"""Dine-in, Takeaway, Delivery"""
c70c0def-3a0f-5d37-8358-1ad396293e3e,e748bc7e-2237-5536-b7e3-ad17a1663a5a,price_range,"""৳800–2,000"""
e0a6073f-2c2b-5351-898f-d82d5cc2b024,68f148d6-1067-573f-9979-d61a226da4ee,category,"""Italian"""
a68be7f1-be1c-57ab-98af-837dbdbb2f75,68f148d6-1067-573f-9979-d61a226da4ee,opening_hours,"""Closed Opens 12 pm Sat"""
f361d3c1-3c14-506d-bafb-abe46f7ad14b,68f148d6-1067-573f-9979-d61a226da4ee,service_options,"""Dine-in, Takeaway, No-contact delivery"""
03496891-9c1a-59f2-9d58-5f548ba3ec8e,9554a37c-8507-54b5-a385-86296393edfb,category,"""Restaurant"""
df05c977-f6dd-5276-9eeb-fe5f45dd86f3,9554a37c-8507-54b5-a385-86296393edfb,opening_hours,"""Closed Opens 10 am Sat"""
31866fcc-2258-5023-9231-36f371d4fb14,9554a37c-8507-54b5-a385-86296393edfb,price_range,"""৳200–1,200"""
8ec3f46b-26dd-5f90-bf2d-d7f477ff9f7e,00eaab53-9d6b-5c06-9e8c-88f622dc7644,category,"""Bengali"""
7178f613-e5b3-5935-86ae-84e6dd8d46c0,00eaab53-9d6b-5c06-9e8c-88f622dc7644,opening_hours,"""Closed Opens 11 am Sat"""
317edec0-3923-59f6-9ceb-7d4a2d9928e1,00eaab53-9d6b-5c06-9e8c-88f622dc7644,service_options,"""Dine-in, Drive-through, No-contact delivery"""
bf22f2b6-1ac2-5a5d-b1a0-584ac99861a1,00eaab53-9d6b-5c06-9e8c-88f622dc7644,price_range,"""৳200–1,200"""
b403f8bf-2c3e-5433-9a41-cf0688b654b0,7884d497-dc02-5e3e-91e1-67579348296e,category,"""Korean"""
8b72d1c7-694d-5dcb-add7-4d6e63844cdd,7884d497-dc02-5e3e-91e1-67579348296e,opening_hours,"""Closed Opens 11 am Sat"""
8bcaaf00-5257-553a-b78a-ab991bb83694,7884d497-dc02-5e3e-91e1-67579348296e,service_options,"""Dine-in, Takeaway, No-contact delivery"""
5e48acc3-a90a-5374-9f0c-6e626266d201,7884d497-dc02-5e3e-91e1-67579348296e,price_range,"""৳2,000+"""
f896d9d8-1232-5243-b92e-06c92a53dc7f,52ddccee-63db-57bb-8171-194f082d52f6,category,"""Middle Eastern"""
a8bd756a-bd8f-5be2-aa8d-499586136183,52ddccee-63db-57bb-8171-194f082d52f6,opening_hours,"""Closed Opens 12:30 pm Sat"""
c628ce53-d125-5a5c-b6ee-da8050bbd7aa,52ddccee-63db-57bb-8171-194f082d52f6,service_options,"""Dine-in, Drive-through, No-contact delivery"""
bd797b23-edcd-5e1a-baab-99b1eb7f272b,207559cc-a5c9-5da9-94e3-cc1c43acdc79,category,"""Restaurant"""
7f948211-a19c-5877-a911-a5dbc5c8c83b,207559cc-a5c9-5da9-94e3-cc1c43acdc79,opening_hours,"""Closed Opens 12:30 pm Sat"""
bd47ad0e-6073-5903-8479-5a26950f9590,207559cc-a5c9-5da9-94e3-cc1c43acdc79,service_options,"""Dine-in, Drive-through, No-contact delivery"""
33096e26-5dc1-52a7-b142-e9147293a0ff,e58656a0-d9bd-589f-9d02-8be2b7ea6587,category,"""Restaurant"""
4c91e326-c68a-5669-8641-f7c9845738b5,e58656a0-d9bd-589f-9d02-8be2b7ea6587,opening_hours,"""Open Closes 12:30 am"""
be77d102-12a3-581f-9762-7b14c3e85308,e58656a0-d9bd-589f-9d02-8be2b7ea6587,service_options,"""Dine-in, Drive-through, No-contact delivery"""
a4116eee-1e29-5ed7-9e85-fac5eff5dbc2,d55c2384-4405-59ac-beee-8d7e63c94114,category,"""Korean"""
b17d07a4-ca18-5808-b838-d81ce407d32e,d55c2384-4405-59ac-beee-8d7e63c94114,opening_hours,"""Closed Opens 11:30 am Sat"""
eb61d776-2fc0-5a94-ba73-e6f15cf95f89,d55c2384-4405-59ac-beee-8d7e63c94114,service_options,"""Dine-in, Takeaway, No-contact delivery"""
41367f40-a7c8-5040-9473-73ffa3f69734,d55c2384-4405-59ac-beee-8d7e63c94114,price_range,"""৳2,000+"""
b027d028-e284-5f2f-a8fe-8e93594ce348,bfb00a92-aaa9-5e08-aebe-ccc548b77657,category,"""Restaurant"""
29c9626f-cc12-5577-ab08-a64bb0895668,bfb00a92-aaa9-5e08-aebe-ccc548b77657,opening_hours,"""Open Closes 2 am"""
206de258-f13d-50b3-8016-4ddbc43525da,bfb00a92-aaa9-5e08-aebe-ccc548b77657,service_options,"""Dine-in, Drive-through, No-contact delivery"""
b03e4273-a9df-5661-9997-bb44f4e556e5,bfb00a92-aaa9-5e08-aebe-ccc548b77657,price_range,"""৳400–1,600"""
ebb622d9-3d56-5377-a75c-06a226012716,4100f474-3c1a-5171-85a1-a20c3cb12781,category,"""Indian"""
7203cc92-8bde-5fac-9d41-6bc292f0ce64,4100f474-3c1a-5171-85a1-a20c3cb12781,opening_hours,"""Closed Opens 12:30 pm Sat"""
11a1df80-40e3-52f1-9bd2-52ea4545e5c4,4100f474-3c1a-5171-85a1-a20c3cb12781,service_options,"""Dine-in, Drive-through, No-contact delivery"""
c413276f-1397-534c-99d1-150a4ad3b506,4100f474-3c1a-5171-85a1-a20c3cb12781,price_range,"""৳800–2,000"""
183ac5e8-c58f-5116-b171-d781dbbae634,f86d614d-8114-56c8-983d-e39bfbceeb1e,category,"""Turkish"""
c50ee0fb-bd51-505e-96f8-890e618f8e20,f86d614d-8114-56c8-983d-e39bfbceeb1e,opening_hours,"""Closed Opens 10 am Sat"""
c09a2b1b-aa89-596b-be6f-6005ffe4c83c,f86d614d-8114-56c8-983d-e39bfbceeb1e,service_options,"""Dine-in, Takeaway, Delivery"""
4ec60989-58f3-5bb0-a275-eacd119ec875,9d409c56-accf-56bc-b76a-848dad9c48b8,category,"""Restaurant"""
d852b7f5-a296-508a-9a65-d7b00a9ac1c5,9d409c56-accf-56bc-b76a-848dad9c48b8,opening_hours,"""Closes soon 12 am · Opens 12 pm Sa"""
d11fddd0-6942-5bcf-9e89-7bdeec37cfc0,9d409c56-accf-56bc-b76a-848dad9c48b8,service_options,"""Dine-in, Takeaway, Delivery"""
2c52bdf9-672a-5a40-b367-d161d36b744e,9d409c56-accf-56bc-b76a-848dad9c48b8,price_range,"""৳2,000+"""
40479072-1fad-5955-984c-5b85cfcf1f83,52fee692-d278-5a3a-bc33-8ae60a821e66,category,"""Buffet"""
7fdc2b6e-29af-5c96-b6cc-3e7d552d4d41,52fee692-d278-5a3a-bc33-8ae60a821e66,opening_hours,"""Closed Opens 12:30 pm Sat"""
87de3d0f-cd95-5e4d-aa83-399844682d36,52fee692-d278-5a3a-bc33-8ae60a821e66,service_options,"""Dine-in, Drive-through, No-contact delivery"""
50f2211d-edb3-5f82-bf43-08350293740c,52fee692-d278-5a3a-bc33-8ae60a821e66,price_range,"""৳1,200–1,400"""
0199879e-aff3-554e-9c0d-461b7b23a1ef,b7ab925a-9d7d-5a6c-b0da-8c811602cfab,category,"""Restaurant"""
22c20d1d-7ab2-5538-9ebd-220d7dd307df,b7ab925a-9d7d-5a6c-b0da-8c811602cfab,opening_hours,"""Closed Opens 5 am Sat"""
ae73b96c-a9ee-537a-adcf-14f47ebc6260,b7ab925a-9d7d-5a6c-b0da-8c811602cfab,service_options,"""Dine-in, Drive-through, No-contact delivery"""
8e08398e-f822-58d6-9964-c50d4cfec5d7,2329c62b-772b-5287-810e-08988bcaef4b,category,"""Restaurant"""
a6150bd1-dd56-5cb4-9494-16d2ae5ca823,2329c62b-772b-5287-810e-08988bcaef4b,opening_hours,"""Closes soon 12 am · Opens 11 am Sa"""
26cc6835-79b2-5f76-a6f4-71deb8066586,2329c62b-772b-5287-810e-08988bcaef4b,service_options,"""Dine-in, Takeaway, No-contact delivery"""
71fe3763-7294-5f3b-9848-eb3b46f493fe,2329c62b-772b-5287-810e-08988bcaef4b,price_range,"""৳400–1,400"""
249943f2-bd41-5d84-8f54-d3ff148507f3,de672a3e-c8a5-5a71-b301-cdf8fb87330f,category,"""Indian"""
cbfcb97c-fdf4-5543-bf20-4491ef5fb3b3,de672a3e-c8a5-5a71-b301-cdf8fb87330f,opening_hours,"""Closed Opens 12:30 pm Sat"""
7ad2906e-782e-59db-939f-60d98220cff3,de672a3e-c8a5-5a71-b301-cdf8fb87330f,service_options,"""Dine-in, Drive-through, No-contact delivery"""
0b567c9a-d465-5d96-a33f-06a0e487e838,de672a3e-c8a5-5a71-b301-cdf8fb87330f,price_range,"""৳2,000+"""
44fe2f5b-c571-55b5-8918-1f2d1a94671a,f059c0a5-cade-5b20-a596-c399d4b49813,category,"""Turkish"""
a55de319-ce27-5292-80f8-039332d177ff,f059c0a5-cade-5b20-a596-c399d4b49813,opening_hours,"""Closed Opens 11 am Sat"""
f3bc0cf5-ec94-5733-a217-a40b933bdedf,f059c0a5-cade-5b20-a596-c399d4b49813,service_options,"""Dine-in, Drive-through, No-contact delivery"""
ec0b4e2a-356d-5d1e-94ff-d5c776701115,b8c18aa8-60a4-53ea-b462-9f463ca2c2a1,category,"""Restaurant"""
685c1ba8-73a4-52a3-92cb-4c36b3bbfdda,b8c18aa8-60a4-53ea-b462-9f463ca2c2a1,opening_hours,"""Open Closes 12:30 am"""
de3f526e-de02-5b14-b0ee-6fc5d5c074e2,b8c18aa8-60a4-53ea-b462-9f463ca2c2a1,service_options,"""Dine-in, Takeaway, No-contact delivery"""
409b29dc-a7ba-5530-8c18-4fb26fe291bd,b8c18aa8-60a4-53ea-b462-9f463ca2c2a1,price_range,"""৳2,000+"""
afa0ccb5-8c39-589f-9d25-afad90487827,c87fd255-b85c-5ddf-a325-8301634f3814,category,"""Restaurant"""
66082b49-991e-50cc-8965-09d13f96e723,c87fd255-b85c-5ddf-a325-8301634f3814,opening_hours,"""Open Closes 5 am Sat"""
c1c2f3e9-da7f-5549-b1fe-8f1aeb9b4868,c87fd255-b85c-5ddf-a325-8301634f3814,service_options,"""Dine-in, Drive-through, No-contact delivery"""
0a73c562-805d-574d-888b-01ef335519e3,c87fd255-b85c-5ddf-a325-8301634f3814,price_range,"""৳400–1,200"""
7b854f32-5706-5b5f-9a73-364659d8d8a7,9cfe2ef2-222a-520e-81c7-ea8521e2a332,category,"""Indian"""
e8e8957f-8211-5b57-927a-506f7bfde060,9cfe2ef2-222a-520e-81c7-ea8521e2a332,opening_hours,"""Closed Opens 12 pm Sat"""
72779d08-9e58-5462-b151-3bbf83ab6c9f,9cfe2ef2-222a-520e-81c7-ea8521e2a332,service_options,"""Dine-in, Drive-through, No-contact delivery"""
5a5880bb-54cc-5bb8-9c37-0693318b67cc,588a5160-43a8-5323-8416-2998fd740271,category,"""Restaurant"""
d3f63327-9c47-5e1e-b8bd-99ec9d5c4bea,588a5160-43a8-5323-8416-2998fd740271,opening_hours,"""Closed Opens 12 pm Sat"""
adefbd0a-7c5d-5024-8932-3005443e77bf,588a5160-43a8-5323-8416-2998fd740271,service_options,"""Dine-in, Kerbside pickup, Delivery"""
39c7d2c0-0816-5978-83f7-2089b1c6d2ce,588a5160-43a8-5323-8416-2998fd740271,price_range,"""৳400–600"""
da7d3771-ac86-5d27-a145-9b8b252cda40,b1f40da5-0b84-5477-ac55-70ca4225f180,category,"""Buffet"""
4ec95f19-4db5-5436-a2a6-ef75d9c23517,b1f40da5-0b84-5477-ac55-70ca4225f180,opening_hours,"""Open 24 hours"""
64c19cc8-2557-5982-a2a5-20360fe03120,b1f40da5-0b84-5477-ac55-70ca4225f180,service_options,"""Dine-in"""
ad34542c-b45f-5d31-832f-ab8e3cd0711c,b1f40da5-0b84-5477-ac55-70ca4225f180,price_range,"""৳2,000+"""
29669395-e5df-5931-953e-3f88076515fb,6ab6baab-270c-5b4a-a0fd-2ff0656618f3,category,"""Italian"""
e5ca020a-bf1c-5092-883e-25408393bf1e,6ab6baab-270c-5b4a-a0fd-2ff0656618f3,opening_hours,"""Closes soon 12 am · Opens 11 am Sa"""
7b850738-d43d-5630-ac58-6a264b017166,6ab6baab-270c-5b4a-a0fd-2ff0656618f3,service_options,"""Dine-in, Drive-through, No-contact delivery"""
7af9f369-e71c-5164-9aee-f9a271c2e6e7,aaf7773d-2dfd-54c1-b7cd-4c82c5199974,category,"""Japanese"""
e22b8909-bb13-575a-8aa9-ab07398ea3c2,aaf7773d-2dfd-54c1-b7cd-4c82c5199974,opening_hours,"""Closed Opens 12 pm Sat"""
77c4f258-6e16-50af-b81d-3d42889fccb0,aaf7773d-2dfd-54c1-b7cd-4c82c5199974,service_options,"""Dine-in, Delivery"""
dd85f2b4-f845-521a-871c-f32750b4f0b1,aaf7773d-2dfd-54c1-b7cd-4c82c5199974,price_range,"""৳400–1,400"""
113ff5ef-851f-52ec-815e-25876021210e,bc93c7b0-2d41-5a4d-9c6d-6f3eb6615f02,category,"""Italian"""
8034de87-74a2-5229-b448-843205ac6948,bc93c7b0-2d41-5a4d-9c6d-6f3eb6615f02,opening_hours,"""Closed Opens 11 am Sat"""
b7d1f4d7-43ba-5662-bc86-e4c04e2f5938,bc93c7b0-2d41-5a4d-9c6d-6f3eb6615f02,service_options,"""Dine-in, Drive-through, No-contact delivery"""
5f20a7e5-0b94-5f91-aef0-70fe21975950,9fca1e6e-2b53-5e0e-91cd-5da7a76a7113,category,"""Thai"""
60e453ac-b9c5-5665-95be-baa5ac18ed28,9fca1e6e-2b53-5e0e-91cd-5da7a76a7113,service_options,"""Dine-in, Takeaway, No-contact delivery"""
7eed5fbc-be48-599f-ba8f-994f6e8824c3,9fca1e6e-2b53-5e0e-91cd-5da7a76a7113,price_range,"""৳2,000+"""
6987121a-522f-5734-8259-a980af73c7ed,6fcb5fe5-8c6c-5029-9166-1c9747a8783f,category,"""Restaurant"""
d6a7e917-1423-5cb9-a534-97cb60f6e856,6fcb5fe5-8c6c-5029-9166-1c9747a8783f,opening_hours,"""Closed Opens 12 pm Sat"""
3d29bd2c-4544-5af2-9fb2-0c5ac8feb4e2,6fcb5fe5-8c6c-5029-9166-1c9747a8783f,service_options,"""Dine-in, Drive-through, Delivery"""
4afcca28-0684-5dd3-9bf1-7e93e77534e8,6fcb5fe5-8c6c-5029-9166-1c9747a8783f,price_range,"""৳400–1,400"""
53d980df-ab6f-59fb-8318-69edc1171ef2,3e9c9cff-9835-5cd7-9293-fb86a4c8c68b,category,"""Restaurant"""
f6792542-383a-5ac9-93a7-5ca6dd0f9b87,3e9c9cff-9835-5cd7-9293-fb86a4c8c68b,opening_hours,"""Closed Opens 12 pm Sat"""
43cf0d67-8efc-5230-8467-390a90da4fd5,3e9c9cff-9835-5cd7-9293-fb86a4c8c68b,service_options,"""Dine-in, Takeaway, No-contact delivery"""
4963da8f-ac5f-5e4c-a147-5a3b615e2de2,3e9c9cff-9835-5cd7-9293-fb86a4c8c68b,price_range,"""৳400–600"""
2e3ba9f0-50d7-5570-9015-91f88eda0fef,4a6c85a5-8cf0-582a-883d-e670ac85be33,category,"""Chinese"""
14e5d4c0-a100-5d11-a135-9dd7625acd1e,4a6c85a5-8cf0-582a-883d-e670ac85be33,opening_hours,"""Closed Opens 10 am Sat"""
d17a38b1-92b4-5cc8-b0ab-f29e5daa4dcd,4a6c85a5-8cf0-582a-883d-e670ac85be33,service_options,"""Dine-in, Drive-through, No-contact delivery"""
c5e6586f-f148-5867-9f9f-8e488048a7b2,1d35a2be-0961-51e8-8c4a-ffdb4f5e1d6e,category,"""Japanese"""
4256ddae-3047-5811-94e6-95f234359f26,1d35a2be-0961-51e8-8c4a-ffdb4f5e1d6e,opening_hours,"""Closed Opens 11 am Sat"""
06f90f3c-0a54-51e7-8715-fc9e59c57606,1d35a2be-0961-51e8-8c4a-ffdb4f5e1d6e,service_options,"""Dine-in, Takeaway, No-contact delivery"""
71b210be-5a87-52a2-a844-114028a78209,1d35a2be-0961-51e8-8c4a-ffdb4f5e1d6e,price_range,"""৳2,000+"""
213494fa-4bc6-5f51-9d37-72a1968b672c,0583c5ea-421e-5714-bb19-15782aec20d5,category,"""Restaurant"""
40de9d39-0b19-510d-a530-09327926fd61,0583c5ea-421e-5714-bb19-15782aec20d5,opening_hours,"""Closed Opens 11 am Sat"""
ecc47c6d-13d0-594c-9545-812185880ab1,0583c5ea-421e-5714-bb19-15782aec20d5,service_options,"""Dine-in, Drive-through, No-contact delivery"""
385274cc-ae67-5ed6-aad3-1237b8dd027b,0583c5ea-421e-5714-bb19-15782aec20d5,price_range,"""৳600–1,600"""
78bf108f-7834-5ae0-a362-326cec4088fb,f32ee566-dd5b-5c18-b951-fd9e76319323,category,"""Restaurant"""
9545cffe-5cb6-5f68-8060-3cf6a79d027f,f32ee566-dd5b-5c18-b951-fd9e76319323,opening_hours,"""Closes soon 12 am · Opens 8 am Sat"""
2acce315-fe45-5451-83c2-088323e4861b,f32ee566-dd5b-5c18-b951-fd9e76319323,service_options,"""Dine-in, Drive-through, No-contact delivery"""
67865c3e-2302-5bac-a62e-acd6b23fa815,664c711e-30f3-566d-b6dd-a8498b555f74,category,"""Restaurant"""
ba106bbd-e895-53d0-87c7-84dec8653b1f,664c711e-30f3-566d-b6dd-a8498b555f74,opening_hours,"""Closes soon 11:45 pm · Opens 11:30"""
c6e7b298-363c-594d-8db1-5bbe6d2e126b,664c711e-30f3-566d-b6dd-a8498b555f74,service_options,"""Dine-in, Takeaway, No-contact delivery"""
c13acc2c-7a11-54a7-b473-218e1b07cf6d,664c711e-30f3-566d-b6dd-a8498b555f74,price_range,"""৳400–600"""
220dec01-b112-5fe5-8a39-6b96fe60c658,3b91bbb8-4ca1-5f53-9be4-16f11c46f98c,category,"""Restaurant"""
7f187396-8be8-500c-88dc-109332d0a0be,3b91bbb8-4ca1-5f53-9be4-16f11c46f98c,opening_hours,"""Closed Opens 9 am Sat"""
e14d54be-b9a6-583b-a151-bbb4c52bef8f,3b91bbb8-4ca1-5f53-9be4-16f11c46f98c,service_options,"""Dine-in, Drive-through, No-contact delivery"""
86aa5cde-2a0d-5afd-8a03-ce0d2fa0acd7,3b91bbb8-4ca1-5f53-9be4-16f11c46f98c,price_range,"""৳200–400"""
1cf1c10e-2dfb-5454-b0d7-d29df20fb309,32e83a3c-82f0-5ee5-8a57-72b9a1f355a4,category,"""Chinese"""
646f28d1-01a8-51cd-889a-b227c489bf61,32e83a3c-82f0-5ee5-8a57-72b9a1f355a4,opening_hours,"""Closed Opens 12 pm Sat"""
ca2d0fff-b1af-5366-b670-8bceba441133,32e83a3c-82f0-5ee5-8a57-72b9a1f355a4,service_options,"""Dine-in, Takeaway, No-contact delivery"""
86b5b3cd-6f26-5fd3-a3a7-b505f1018361,9cc11839-deec-5950-9a45-7aede25a9049,category,"""Restaurant"""
1f2e6596-04f7-5bf7-abe6-e2f63d7555a1,9cc11839-deec-5950-9a45-7aede25a9049,opening_hours,"""Open Closes 2 am"""
2e96d8f8-4c69-5dda-92de-aa1f3f264031,9cc11839-deec-5950-9a45-7aede25a9049,service_options,"""Dine-in, Drive-through, Delivery"""
a08ee75d-e8b9-59cb-9f41-2ee1032e4225,9cc11839-deec-5950-9a45-7aede25a9049,price_range,"""৳200–1,400"""
17615f65-77eb-59c7-85b6-3839dd9ff0dd,35c5cbfb-0408-55d4-bfc7-18f45f8a377d,category,"""Restaurant"""
158530de-f8d4-5a66-bf03-cd2fc7a1dd84,35c5cbfb-0408-55d4-bfc7-18f45f8a377d,opening_hours,"""Closes soon 11:30 pm · Opens 11:30"""
d6e59d17-ae41-59f9-87a0-b79f58b2104a,35c5cbfb-0408-55d4-bfc7-18f45f8a377d,service_options,"""Dine-in, Drive-through, No-contact delivery"""
2937f138-c074-58dd-b92e-24107ff62f06,35c5cbfb-0408-55d4-bfc7-18f45f8a377d,price_range,"""৳400–1,200"""
f2ddebe7-7a28-5b6c-9574-566153e5dae3,b2d420fb-a9af-5617-800a-06efc0807d6a,category,"""Pizza"""
c2978eb9-c7b6-5abb-be68-6ab2900d6ea3,b2d420fb-a9af-5617-800a-06efc0807d6a,opening_hours,"""Closes soon 12 am · Opens 11 am Sa"""
7b9ca31b-f568-50c2-bfa8-e3d2c122e74b,b2d420fb-a9af-5617-800a-06efc0807d6a,service_options,"""Dine-in, Takeaway, No-contact delivery"""
435c6d77-9550-5078-9751-3a82fdfea3a6,b2d420fb-a9af-5617-800a-06efc0807d6a,price_range,"""৳200–1,200"""
7784910f-0512-5e83-add8-0ace5437fb98,79fd05c6-b586-52fd-ac85-f6f18e6a8cc7,category,"""Chinese"""
4b2a6b60-9419-57fa-b2c3-9c70349a640e,79fd05c6-b586-52fd-ac85-f6f18e6a8cc7,opening_hours,"""Closed Opens 11 am Sat"""
fc00e068-5186-51a4-8667-fbdf0aba629a,79fd05c6-b586-52fd-ac85-f6f18e6a8cc7,price_range,"""৳2,000+"""
9fd5e796-35dc-5f14-8579-98bdf730c8e9,6c28069e-03ed-5fe9-bb4b-e6b5828d4407,category,"""Restaurant"""
bdec16a6-5c6e-5c00-8b25-77af2e23416b,6c28069e-03ed-5fe9-bb4b-e6b5828d4407,opening_hours,"""Closed Opens 8 am Sat"""
e8ea810f-774b-5521-9815-bb71282ebe59,6c28069e-03ed-5fe9-bb4b-e6b5828d4407,service_options,"""Dine-in, Drive-through, No-contact delivery"""
b2ec112e-55a1-59e3-9021-472633eca2dc,6c28069e-03ed-5fe9-bb4b-e6b5828d4407,price_range,"""৳200–1,000"""
186c6e61-8bd9-55e4-a053-bf613c8f5b92,733cb558-0d2f-5573-949b-00a19c5ffdcc,category,"""Food court"""
efff52a1-7cfc-59fe-a9f0-8be70e8c1c48,733cb558-0d2f-5573-949b-00a19c5ffdcc,opening_hours,"""Closed Opens 11 am Sat"""
29d2254d-a654-511a-b4be-bedfb71b215f,733cb558-0d2f-5573-949b-00a19c5ffdcc,service_options,"""Dine-in, Drive-through, Delivery"""
a6fcb17d-2d4c-5c6a-be17-3400769ed96e,733cb558-0d2f-5573-949b-00a19c5ffdcc,price_range,"""৳400–1,400"""
3afc15e2-9323-5628-aa18-56cb17de5e6e,30ce2453-9309-565e-b90d-f23917fa8ab4,category,"""Thai"""
1db3f88b-dff3-5461-829e-3610086702d7,30ce2453-9309-565e-b90d-f23917fa8ab4,opening_hours,"""Closed Opens 12 pm Sat"""
2e32552e-ebe0-5f6a-84cc-dfc483459b6b,30ce2453-9309-565e-b90d-f23917fa8ab4,service_options,"""Dine-in, Kerbside pickup, No-contact delivery"""
e65cb712-4503-58bf-8e5b-437857c7e3d9,30ce2453-9309-565e-b90d-f23917fa8ab4,price_range,"""৳2,000+"""
a74fc2ac-2b76-515e-9e42-d9954e11a63c,354740cc-5271-5c58-88bb-1ae49828b531,category,"""Turkish"""
74f83434-ff0d-5cbf-a882-254bc00f26ff,354740cc-5271-5c58-88bb-1ae49828b531,opening_hours,"""Closed Opens 12:30 pm Sat"""
830e5d1e-6525-5836-a907-3f7257de7ccb,354740cc-5271-5c58-88bb-1ae49828b531,price_range,"""৳2,000+"""
394d184d-3dc8-54c6-b6bc-2bb169045bd9,78ea604b-5116-5b9f-b6d3-6daeafc9e6a8,category,"""Family-friendly"""
5159b21c-4a6f-5f7f-83e6-83ce4383bc99,78ea604b-5116-5b9f-b6d3-6daeafc9e6a8,opening_hours,"""Closes soon 11:30 pm · Opens 6:30 a"""
cf9c7bdc-7501-58a4-9dda-3222d686400c,78ea604b-5116-5b9f-b6d3-6daeafc9e6a8,service_options,"""Dine-in, Takeaway, Delivery"""
63faed98-c676-54b9-9b74-1dee0f898a28,78ea604b-5116-5b9f-b6d3-6daeafc9e6a8,price_range,"""৳200–400"""
ba0f00e9-0a86-598c-91b7-d36d4ea4c900,657f576c-85a9-580b-b00f-df27ea67b799,category,"""Thai"""
22033734-7372-59eb-af9a-a1b35fd2e481,657f576c-85a9-580b-b00f-df27ea67b799,opening_hours,"""Closed Opens 1 pm Sat"""
dedb43a4-c955-5b4c-9c4b-c85e6bd6f84d,657f576c-85a9-580b-b00f-df27ea67b799,service_options,"""Dine-in, Takeaway, Delivery"""
945c0d49-9568-5d15-8812-d8da3129008a,657f576c-85a9-580b-b00f-df27ea67b799,price_range,"""৳2,000+"""
3279234d-3b5a-59cd-b932-4d713b1f27e7,6a27fe1a-d155-5901-a9b8-480d80ebe71f,category,"""Bengali"""
578fcec1-3761-5f82-a126-65a73066502d,6a27fe1a-d155-5901-a9b8-480d80ebe71f,opening_hours,"""Closed Opens 8 am Sat"""
777b2880-5c5f-538c-9162-498fa070e009,6a27fe1a-d155-5901-a9b8-480d80ebe71f,service_options,"""Dine-in, Takeaway, Delivery"""
bbde647c-2d93-5ce2-8888-54781759b1ec,6a27fe1a-d155-5901-a9b8-480d80ebe71f,price_range,"""৳200–400"""
f0b3a17e-f7ad-552d-9025-b927e0376c48,79d1176c-2b8b-50ce-a458-44604bf91f8f,category,"""Steak"""
71d5e0a5-7472-5d31-821c-159b04285b93,79d1176c-2b8b-50ce-a458-44604bf91f8f,opening_hours,"""Closes soon 12 am · Opens 12 pm Sa"""
a47f6234-36c1-57fa-adb9-bd1c1859e3a8,79d1176c-2b8b-50ce-a458-44604bf91f8f,service_options,"""Dine-in, Kerbside pickup, No-contact delivery"""
07ca22b8-2ed4-560f-96f4-c3f4f88f58d8,79d1176c-2b8b-50ce-a458-44604bf91f8f,price_range,"""৳2,000+"""
bb8b8a8e-0171-5acb-9ea2-26a41309bfae,fd8701d4-1676-5ac3-8672-f951fdab32ba,category,"""Continental resta"""
2c70678f-73cc-5d8d-a7dd-f5c60632ae5f,fd8701d4-1676-5ac3-8672-f951fdab32ba,opening_hours,"""Closed Opens 12 pm Sat"""
037caff1-aa7c-5466-afad-9a0c17cc3ad7,fd8701d4-1676-5ac3-8672-f951fdab32ba,service_options,"""Dine-in, Drive-through, No-contact delivery"""
46ec13a8-3925-5ff0-b499-fc52dc013c11,0b88a80d-fe31-5834-945e-174588562c4a,category,"""Restaurant"""
10db4426-0727-5683-909c-4224ffac3887,0b88a80d-fe31-5834-945e-174588562c4a,opening_hours,"""Closed Opens 11:30 am Sat"""
ee3a2c35-b8da-50e1-9dc6-687deae5ceaa,0b88a80d-fe31-5834-945e-174588562c4a,service_options,"""Dine-in, Drive-through, No-contact delivery"""
7b950ef0-a1e9-5e8d-b3d5-9a029f1e1142,0b88a80d-fe31-5834-945e-174588562c4a,price_range,"""৳200–400"""
c2116be3-86bb-523d-ba99-0003a7c3111c,4198bb8c-cf77-55fe-8422-b7cfa1df20ee,category,"""Mexican"""
2344ec1b-d79d-5b05-b86d-c1540f14e50c,4198bb8c-cf77-55fe-8422-b7cfa1df20ee,opening_hours,"""Closed Opens 11:30 am Sat"""
50d111ba-ffaf-5176-9ddb-59cd0829c901,4198bb8c-cf77-55fe-8422-b7cfa1df20ee,service_options,"""Dine-in, Drive-through, No-contact delivery"""
729411bb-a137-590c-91c5-3e723f82e348,a5e28471-6820-5b18-93d7-234d09559d18,category,"""Cafe"""
6bb3af69-60f1-5890-b0d2-7e8cf9497d0b,a5e28471-6820-5b18-93d7-234d09559d18,opening_hours,"""Open Closes 12:30 am"""
4229deba-71a8-5d12-ba33-bb48c21a19bd,a5e28471-6820-5b18-93d7-234d09559d18,service_options,"""Dine-in, Drive-through, No-contact delivery"""
8515e906-bde8-5d7e-b72d-d414b883c40e,a5e28471-6820-5b18-93d7-234d09559d18,price_range,"""৳400–1,400"""
dc88e86a-2e85-560c-8a28-97e7676c92ee,5f275a84-c23b-558e-9a94-a992c6df667b,category,"""Asian"""
ffa85ff3-ee3f-5d76-befe-6deb89c9afcc,5f275a84-c23b-558e-9a94-a992c6df667b,opening_hours,"""Closed Opens 12 pm Sat"""
4e25c6d6-728d-5000-a323-fe6b8d8ca08d,5f275a84-c23b-558e-9a94-a992c6df667b,service_options,"""Dine-in, Takeaway"""
52e995f6-7dd4-536b-bb17-08ac3fb664be,8fe16435-918e-550f-a009-b8e8dc597162,category,"""Southern Italian"""
d15305b6-4025-56d4-8c6e-33bd7e12b8c5,8fe16435-918e-550f-a009-b8e8dc597162,opening_hours,"""Closed Opens 11 am Sat"""
b4a1bfeb-b10d-5327-afa4-61681b915dec,8fe16435-918e-550f-a009-b8e8dc597162,service_options,"""Dine-in, Kerbside pickup, No-contact delivery"""
3f58ec37-1c59-5f84-9c61-ae6cb7848fa0,8fe16435-918e-550f-a009-b8e8dc597162,price_range,"""৳800–2,000"""
4d591bab-d759-599d-b052-42cc456aa9e2,55119dc3-1fbd-5f53-af8c-ba1bf098c7f0,category,"""Restaurant"""
7467a13c-89d1-5b69-a587-692709e2bbed,55119dc3-1fbd-5f53-af8c-ba1bf098c7f0,opening_hours,"""Closes soon 11:50 pm · Opens 11 am"""
93a31cc1-b02a-5965-8404-8a16231e8960,55119dc3-1fbd-5f53-af8c-ba1bf098c7f0,service_options,"""Dine-in, Drive-through, No-contact delivery"""
c68a3054-8d02-5643-879c-8a51243a7c82,55119dc3-1fbd-5f53-af8c-ba1bf098c7f0,price_range,"""৳200–400"""
cf80cbfe-6c30-5fc7-ba8c-a9b7ec806d9b,be243c4f-ea56-5ccd-92fd-c19a84e5ea2e,category,"""Hamburger"""
e9f8faae-2db3-580c-9588-1407f97254e8,be243c4f-ea56-5ccd-92fd-c19a84e5ea2e,opening_hours,"""Closes soon 12 am · Opens 10 am Sa"""
3f3eaa81-3bd1-5b25-904b-5850e719b072,be243c4f-ea56-5ccd-92fd-c19a84e5ea2e,service_options,"""Dine-in, Drive-through, No-contact delivery"""
37ee227e-318e-5fd9-8416-3664639b83a2,be243c4f-ea56-5ccd-92fd-c19a84e5ea2e,price_range,"""৳400–1,200"""
2c3640f2-ef6c-5770-ad61-551eddf54777,1690bed7-2645-597c-af2d-54a8d17c26d9,category,"""Restaurant"""
40086189-19bf-5b48-8c38-5a958bb3ffa6,1690bed7-2645-597c-af2d-54a8d17c26d9,opening_hours,"""Closed Opens 11 am Sat"""
bb4ea020-89fd-5820-bab5-50f2aebbef45,1690bed7-2645-597c-af2d-54a8d17c26d9,service_options,"""Dine-in, Takeaway, No-contact delivery"""
6e3123ea-0583-5f3d-8794-e9b7ebfba45e,1690bed7-2645-597c-af2d-54a8d17c26d9,price_range,"""৳400–1,200"""
93050ef5-edb3-55d2-9c66-dd680fda04e2,58511fb1-fc83-5a7c-a395-15c30f23fc2f,category,"""Cantonese"""
276da0f1-3976-582e-a4bf-e5cf68a7b0b8,58511fb1-fc83-5a7c-a395-15c30f23fc2f,opening_hours,"""Closed Opens 12:30 pm Sat"""
8a9b22d6-0182-569f-a76c-8576cf613967,58511fb1-fc83-5a7c-a395-15c30f23fc2f,price_range,"""৳2,000+"""
45efa090-fcff-5d06-9b47-b01c43b0aaa3,2c5709ed-807c-5da1-b1d9-c149ffaec85b,category,"""Asian"""
3f3a829c-0888-5b1e-8adb-92e1c046b2c4,2c5709ed-807c-5da1-b1d9-c149ffaec85b,opening_hours,"""Open Closes 12:30 am"""
2bd6bc55-0d96-5bfe-bb93-5d593ed9ebcf,2c5709ed-807c-5da1-b1d9-c149ffaec85b,price_range,"""৳200–400"""
06a6034f-9965-5d36-adc0-cb47d9b56229,cc56f98d-87a7-5c87-81e2-d494b0eaf3be,category,"""Restaurant"""
2ea81c58-3599-57f0-bf7c-15561e77d265,cc56f98d-87a7-5c87-81e2-d494b0eaf3be,opening_hours,"""Closed Opens 6 am Sat"""
fc087384-4f82-551a-b73d-bfd7fc9cb335,cc56f98d-87a7-5c87-81e2-d494b0eaf3be,service_options,"""Dine-in, Takeaway, Delivery"""
33a8ab83-d4a9-50e2-b8c9-8706a9a06bbd,dba37528-c9c5-52ae-95f4-f0867c0fc51e,category,"""Fusion restauran"""
60bcc3a6-88ed-561d-8975-f5d9b855380f,dba37528-c9c5-52ae-95f4-f0867c0fc51e,opening_hours,"""Closed Opens 12 pm Sat"""
e8a095d9-b8a4-5116-bfcd-d805ef2e7f87,dba37528-c9c5-52ae-95f4-f0867c0fc51e,service_options,"""Dine-in, Takeaway, No-contact delivery"""
385dc98b-3656-5471-bd86-c68cf6dccd31,226d521b-3482-5c6e-b347-b1ff249b369e,category,"""Bengali"""
602a18ca-f488-5a30-8108-c434ae8cd526,226d521b-3482-5c6e-b347-b1ff249b369e,opening_hours,"""Closed Opens 10 am Sat"""
6fe7cda4-e874-5f93-9a5b-6b3acf394a0f,226d521b-3482-5c6e-b347-b1ff249b369e,service_options,"""Dine-in, Takeaway, Delivery"""
77336a2e-4104-58c0-8a38-22090b6b2bbe,226d521b-3482-5c6e-b347-b1ff249b369e,price_range,"""৳200–1,200"""
03d65d70-97b1-5474-b2cb-4d47c844dee6,f10c262f-bc4d-5c00-9556-354c89bdc32d,category,"""Cafe"""
97cbdaa7-7455-5eba-bf90-f91e86c60340,f10c262f-bc4d-5c00-9556-354c89bdc32d,opening_hours,"""Closed Opens 9 am Sat"""
a20f9493-cc5e-5ae8-b102-dc8e2d730324,f10c262f-bc4d-5c00-9556-354c89bdc32d,service_options,"""Dine-in, Drive-through, No-contact delivery"""
716dd4df-5bf5-5478-9b19-ebfa2b469c42,f10c262f-bc4d-5c00-9556-354c89bdc32d,price_range,"""৳400–1,400"""
3d805267-6b90-5854-b06e-3ce11c699b3a,65dc379d-6157-5b32-9e3f-767ece971be3,category,"""Chinese"""
8f50b3a8-8801-5456-a311-5be03c3dec64,65dc379d-6157-5b32-9e3f-767ece971be3,opening_hours,"""Closed Opens 12 pm Sat"""
aa77c35f-bd47-5f5b-9f15-d8a4752ae147,65dc379d-6157-5b32-9e3f-767ece971be3,service_options,"""Dine-in, Drive-through, No-contact delivery"""
8e84d870-58c7-5e5a-86f0-d2d3cef55045,be0130cc-1995-504a-84d0-917144b5670f,category,"""Indian"""
fd3dcf6c-14fa-5ee9-9e72-6436f1f605c9,be0130cc-1995-504a-84d0-917144b5670f,opening_hours,"""Closed Opens 11 am Sat"""
c5d26d21-5f23-58c6-9c63-209fdfba3a94,be0130cc-1995-504a-84d0-917144b5670f,service_options,"""Dine-in, Takeaway, No-contact delivery"""
13b571d8-0805-5887-bfd8-0d8bd90411fb,be0130cc-1995-504a-84d0-917144b5670f,price_range,"""৳2,000+"""
845739bd-8f16-50e2-9644-13289179c70a,f7cb73de-cf46-5fd9-92a2-c9353d3fd82f,category,"""Japanese"""
223066a7-1ee0-5207-805d-702ffbc15dd9,f7cb73de-cf46-5fd9-92a2-c9353d3fd82f,opening_hours,"""Closed Opens 12 pm Sat"""
22766b9f-28b7-5ee0-a9e0-46e339a02540,f7cb73de-cf46-5fd9-92a2-c9353d3fd82f,service_options,"""Dine-in, Drive-through, No-contact delivery"""
c918d68e-4958-5f1b-a725-9faca054e341,f7cb73de-cf46-5fd9-92a2-c9353d3fd82f,price_range,"""৳2,000+"""
ac2fa9d0-1ef2-5589-9ed4-566102f91b05,bacb028d-89ce-5d93-a490-371ef313dbe9,category,"""Korean"""
8144f132-fa51-5a28-b565-cf7d436ed011,bacb028d-89ce-5d93-a490-371ef313dbe9,opening_hours,"""Closed Opens 12 pm Sat"""
0e26497b-ba39-5231-ada5-11bf642225bb,bacb028d-89ce-5d93-a490-371ef313dbe9,service_options,"""Dine-in, Kerbside pickup, Delivery"""
0bc17ece-f744-5a84-8900-7c04c849bdb6,bacb028d-89ce-5d93-a490-371ef313dbe9,price_range,"""৳2,000+"""
5874dd1a-02df-5803-92fa-c304315eff69,ba5f0f76-a309-529d-910f-130ff3c4f31e,category,"""Fast Food"""
ed23b955-a3a7-50b2-9714-0594711097f6,ba5f0f76-a309-529d-910f-130ff3c4f31e,opening_hours,"""Open 24 hours"""
53b85945-512f-52a8-bce7-ff484f954d2f,ba5f0f76-a309-529d-910f-130ff3c4f31e,service_options,"""Dine-in, Delivery"""
d7a71802-baca-5ea7-8b4e-0f112e4c698e,4f35ca36-0ac3-5876-9790-d4f495443eb4,category,"""Asian"""
408abbe3-67c2-5b36-848d-308f6d0f586b,4f35ca36-0ac3-5876-9790-d4f495443eb4,opening_hours,"""Closed Opens 6:30 am Sat"""
b52b8efc-9b5d-5c14-9962-aa9287cd022c,4f35ca36-0ac3-5876-9790-d4f495443eb4,service_options,"""Dine-in, takeaway, delivery"""
0ede841b-dc00-5f75-862a-c6cc1c8078da,4f35ca36-0ac3-5876-9790-d4f495443eb4,price_range,"""৳2,000+"""
54774010-a570-5eb5-bd3d-e3699ae7923c,58f60710-b2a1-589a-a6e5-2a2fd2f256bb,category,"""Restaurant"""
d477cac2-fdc8-59f1-89fb-a2e9eacecba6,58f60710-b2a1-589a-a6e5-2a2fd2f256bb,opening_hours,"""Closed Opens 12 pm Sat"""
2aa19605-bc69-5903-9ce3-65db827a2c7c,58f60710-b2a1-589a-a6e5-2a2fd2f256bb,service_options,"""Dine-in, Takeaway"""
61b132be-ee00-5dad-a874-2f62671ea105,58f60710-b2a1-589a-a6e5-2a2fd2f256bb,price_range,"""৳2,000+"""
8747cb5e-0954-592f-b669-c26c00b5af71,443516ec-fa96-5efb-bf9c-0444ecfb0138,category,"""Restaurant"""
138ee836-2c64-59e0-bca2-e23c2da8f33e,443516ec-fa96-5efb-bf9c-0444ecfb0138,opening_hours,"""Closed Opens 12 pm Sat"""
a255844c-61da-52dd-b0dd-49b3f9100f16,443516ec-fa96-5efb-bf9c-0444ecfb0138,service_options,"""Dine-in, Drive-through, Delivery"""
20bdee6f-c170-56ce-be27-7e58489b79df,443516ec-fa96-5efb-bf9c-0444ecfb0138,price_range,"""৳200–400"""
5b1eeec8-dd85-5ec8-a452-8110335419ef,0f2f4ac6-1575-5b20-a2ea-392eafce4a1c,category,"""Indian"""
b0be1f05-4e59-5e39-8c25-badf88b8ce86,0f2f4ac6-1575-5b20-a2ea-392eafce4a1c,opening_hours,"""Closes soon 11:30 pm · Opens 12 pm"""
d2aa1fd7-cd56-51dd-8e48-618e0256126e,0f2f4ac6-1575-5b20-a2ea-392eafce4a1c,service_options,"""Dine-in, Takeaway, No-contact delivery"""
5c44046b-408c-5b0b-94d1-6c0fbf2a97de,7ebbc394-4aad-54b1-800d-4a0a4ccfa9f2,category,"""Restaurant"""
b91f0b53-8c30-550b-80c6-94a8328ee85f,7ebbc394-4aad-54b1-800d-4a0a4ccfa9f2,opening_hours,"""Closes soon 12 am · Opens 9 am Sat"""
6a5c02e0-a579-5cad-984a-91b4a4fa5ace,7ebbc394-4aad-54b1-800d-4a0a4ccfa9f2,service_options,"""Dine-in, Takeaway, No-contact delivery"""
a23e4ac6-90a2-5869-9e56-886d6e454c9e,0e6e6e75-e37f-5029-a5dd-7ca791699605,category,"""Sushi"""
6f7ae051-84b9-52bb-b8ca-ee28a36c9793,0e6e6e75-e37f-5029-a5dd-7ca791699605,opening_hours,"""Closes soon 11:30 pm · Opens 12:30"""
11019442-1f98-5f7d-91be-eb278355cea1,0e6e6e75-e37f-5029-a5dd-7ca791699605,service_options,"""Dine-in, Takeaway, Delivery"""
6efbf628-b277-5528-8cb9-1804816b7590,ed00f196-4678-5ff8-b2f6-f7b638588299,category,"""Fast Food"""
c3fa6659-782f-527d-af51-523ea36bc53b,ed00f196-4678-5ff8-b2f6-f7b638588299,opening_hours,"""Closed Opens 11 am Sat"""
9b7a3db7-e26f-5a68-b427-e97a7944d562,ed00f196-4678-5ff8-b2f6-f7b638588299,service_options,"""Dine-in, Takeaway, No-contact delivery"""
944ae8fa-d659-54cb-ba43-c67c5c55f122,ed00f196-4678-5ff8-b2f6-f7b638588299,price_range,"""৳400–600"""
dc7466cd-6dcc-5e05-8d84-3112520f7b8c,c9ff5dd9-5285-5289-99cd-1b6f2e996fef,category,"""Italian"""
b9c16ab2-eaa8-52bc-b3e1-d25db4cabb5f,c9ff5dd9-5285-5289-99cd-1b6f2e996fef,opening_hours,"""Closed Opens 11:30 am Sat"""
62f291a9-3d95-5080-ae6c-2e7a99198512,c9ff5dd9-5285-5289-99cd-1b6f2e996fef,service_options,"""Dine-in, Kerbside pickup, No-contact delivery"""
d3055a4b-8683-5b8b-b824-6092e36bc3d3,4ed94a2e-693d-52e7-9947-d87f7ae105f3,category,"""Fast Food"""
12c91abc-6578-5de5-b622-4eed47e84a36,4ed94a2e-693d-52e7-9947-d87f7ae105f3,opening_hours,"""Closes soon 11:30 pm · Opens 10 am"""
c7f04627-aaa0-59b7-a9d6-5906b532ff35,4ed94a2e-693d-52e7-9947-d87f7ae105f3,service_options,"""Dine-in, Takeaway, Delivery"""
69543ccb-03c1-58d3-81bd-eb3a85aa73ba,4ed94a2e-693d-52e7-9947-d87f7ae105f3,price_range,"""৳200–400"""
0c5ad7d8-7295-518c-8285-7b44d5e7c582,8dfa1642-65cb-5221-8230-19ed46869133,category,"""Italian"""
a8e0bf13-8bd7-503b-9ddc-e98631cc456b,8dfa1642-65cb-5221-8230-19ed46869133,opening_hours,"""Closed Opens 12 pm Sat"""
d14c20d9-4d89-5b29-9eb4-0eb22cec23ba,8dfa1642-65cb-5221-8230-19ed46869133,service_options,"""Dine-in, Takeaway, No-contact delivery"""
b84e8f6f-fb15-5626-b365-6d16ca65cc46,8dfa1642-65cb-5221-8230-19ed46869133,price_range,"""৳2,000+"""
28d35630-9a7e-5b61-bf79-ae84c4eebaf4,afc8fad5-09e8-51bd-88a4-8e2eeff054f3,category,"""Buffet"""
f7b7784e-618f-5906-b000-53c4642983b3,afc8fad5-09e8-51bd-88a4-8e2eeff054f3,opening_hours,"""Closed Opens 12 pm Sat"""
003d3134-251f-5b82-9b83-085dbd4f22f2,afc8fad5-09e8-51bd-88a4-8e2eeff054f3,service_options,"""Dine-in, Drive-through, No-contact delivery"""
17d1cff5-75e2-5093-b249-287e06bf521f,afc8fad5-09e8-51bd-88a4-8e2eeff054f3,price_range,"""৳400–1,400"""
baae1907-6e2b-5777-b023-a5354f2a21fc,27d1e839-6537-539c-ba6b-56fa453a2e1a,category,"""Restaurant"""
baf3c6af-04ef-5b23-8ff6-4ef372748dbe,27d1e839-6537-539c-ba6b-56fa453a2e1a,opening_hours,"""Closes soon 12 am · Opens 6 am Sat"""
4e2d5e3c-e44d-5dad-969b-04647ee0f361,27d1e839-6537-539c-ba6b-56fa453a2e1a,service_options,"""Dine-in, Drive-through, Delivery"""
bd2b8ac4-3bd3-5cd5-915e-7a6c8e3069ab,27d1e839-6537-539c-ba6b-56fa453a2e1a,price_range,"""৳1–200"""
32b4d31f-e40e-5a53-be2f-a74568638e9e,183b7ceb-bbf9-56a5-bb57-37f8494c9a41,category,"""Chinese"""
61186a1a-8de7-5ea2-9af5-60d945a1953c,183b7ceb-bbf9-56a5-bb57-37f8494c9a41,opening_hours,"""Closed Opens 12 pm Sat"""
443402af-b34d-52c9-bf0b-d0bc25fee7a6,183b7ceb-bbf9-56a5-bb57-37f8494c9a41,service_options,"""Dine-in, Drive-through, No-contact delivery"""
18b58e4d-0702-5947-95bb-4520bdedac4f,a81832bd-2aa9-5a5a-9b6c-7b71df1e8366,category,"""Steak"""
1bd6a3fa-5e0f-5d69-a7bb-1990814ff49a,a81832bd-2aa9-5a5a-9b6c-7b71df1e8366,opening_hours,"""Closed Opens 12 pm Sat"""
b805c98c-83d6-5251-835e-b89a39ea5eb0,a81832bd-2aa9-5a5a-9b6c-7b71df1e8366,price_range,"""৳2,000+"""
27086109-a51b-5d4a-aed7-75811c3057bb,536c17b8-c4ce-597f-9d45-af1581778546,category,"""Takeout restaura"""
beed4a74-3255-585e-b0bd-6c408e35046d,536c17b8-c4ce-597f-9d45-af1581778546,opening_hours,"""Closed Opens 11 am Sat"""
0c38a6ec-2094-5941-b3d6-c65efd363604,536c17b8-c4ce-597f-9d45-af1581778546,service_options,"""Dine-in, Drive-through, No-contact delivery"""
850f4a83-b850-560f-9c4b-ac7b8c041b2f,536c17b8-c4ce-597f-9d45-af1581778546,price_range,"""৳200–1,000"""
4cc5f425-f66d-5684-a6ef-f97403aa7714,ae75224d-2d8a-5ec1-82d8-01eee5e7ad8f,category,"""Restaurant"""
864c9bba-fa0c-55c7-aa52-edece22313f0,ae75224d-2d8a-5ec1-82d8-01eee5e7ad8f,opening_hours,"""Closed Opens 9 am Sat"""
1b21fccb-be47-5136-b7c6-1303885a5644,ae75224d-2d8a-5ec1-82d8-01eee5e7ad8f,service_options,"""Dine-in, Takeaway, Delivery"""
ca8e40dd-effa-53df-89a1-cfd32e943d7c,ae75224d-2d8a-5ec1-82d8-01eee5e7ad8f,price_range,"""৳400–1,600"""
207f5a9d-71e2-50b1-a2e2-e14705b5760d,fbcc92f0-b8f0-5c9b-88fc-2c2ea60dcaaf,category,"""Restaurant"""
90fde3e6-402b-5b4c-9262-9ded42e5b8d8,fbcc92f0-b8f0-5c9b-88fc-2c2ea60dcaaf,opening_hours,"""Closed Opens 10 am Sat"""
384e8188-8d27-56b3-ae98-a4c88ca23880,fbcc92f0-b8f0-5c9b-88fc-2c2ea60dcaaf,service_options,"""Dine-in, Takeaway, No-contact delivery"""
a60a9d23-ddf5-5390-b721-7cec1ac2fa94,fbcc92f0-b8f0-5c9b-88fc-2c2ea60dcaaf,price_range,"""৳400–1,200"""
e4ec9416-0e9f-50d1-8e16-08da8cc6da1c,366b640b-efbd-5680-96b3-4f31fed7d996,category,"""Bangladeshi"""
77851e91-3351-5c60-a092-62343420f72b,366b640b-efbd-5680-96b3-4f31fed7d996,opening_hours,"""Closed Opens 12 pm Sat"""
75846a32-aa75-5679-904b-96a417027f3a,366b640b-efbd-5680-96b3-4f31fed7d996,service_options,"""Dine-in, Drive-through, No-contact delivery"""
29257910-1b2d-530c-bf91-68d71b084683,d32219b2-b074-5c28-93d6-494e7cc356c6,category,"""Asian"""
fefaa330-9e29-5884-8515-aad329005ee5,d32219b2-b074-5c28-93d6-494e7cc356c6,opening_hours,"""Closes soon 12 am · Opens 11 am Sa"""
1447662d-4f86-53d1-9bce-ddfb457a0906,d32219b2-b074-5c28-93d6-494e7cc356c6,service_options,"""Dine-in, Takeaway, Delivery"""
e3c7c607-ca95-50e0-85b5-402e829b674b,d32219b2-b074-5c28-93d6-494e7cc356c6,price_range,"""৳400–1,000"""
dec613c2-13ee-5b37-a957-e552040de440,d9c46286-b961-57c1-bc1a-3db72f08b8e0,category,"""Restaurant"""
2aadc4bc-80b8-5c27-872f-e6abac20751d,d9c46286-b961-57c1-bc1a-3db72f08b8e0,opening_hours,"""Closed Opens 6:30 am Sat"""
caf0d761-795b-5569-9d23-a917a7268bbd,d9c46286-b961-57c1-bc1a-3db72f08b8e0,service_options,"""Dine-in, Takeaway, No-contact delivery"""
50cb30f3-2e18-5b41-a748-50cbc76a06e5,d9c46286-b961-57c1-bc1a-3db72f08b8e0,price_range,"""৳2,000+"""
c4d7593d-b887-5b13-9397-80dfa6b8b17a,9f969a8b-bfad-58fa-9e3e-a1135f0758c5,category,"""Italian"""
07fe4ca3-611b-51c2-8ac5-81a31a599d46,9f969a8b-bfad-58fa-9e3e-a1135f0758c5,opening_hours,"""Closes soon 12 am · Opens 8 am Sat"""
309a5d6c-7862-5709-8b25-5428b5257742,9f969a8b-bfad-58fa-9e3e-a1135f0758c5,service_options,"""Dine-in, Drive-through, No-contact delivery"""
97ec55af-31bb-5062-8e11-b96dd2adad1e,9f969a8b-bfad-58fa-9e3e-a1135f0758c5,price_range,"""৳800–2,000"""
2f2a7da7-77d4-5817-8586-46cbd452c3b9,ea76ed39-eefc-5eb8-b296-4d36d93982aa,category,"""Chinese"""
307674e6-8b60-5db7-aaf4-11830b741a7f,ea76ed39-eefc-5eb8-b296-4d36d93982aa,opening_hours,"""Closed Opens 12 pm Sat"""
14fede26-606d-56d2-b14f-86ad43affe4c,ea76ed39-eefc-5eb8-b296-4d36d93982aa,service_options,"""Dine-in, Takeaway, No-contact delivery"""
a49664bf-3d79-5394-8d44-c57cdbf166e1,ea76ed39-eefc-5eb8-b296-4d36d93982aa,price_range,"""৳400–600"""
3bc35a9d-0606-5e37-8873-4eb903d4e97c,1209018d-984d-5e72-9ea1-18bd5a342275,category,"""Restaurant"""
1f7518eb-1922-568c-9135-fedd07d7efdb,1209018d-984d-5e72-9ea1-18bd5a342275,opening_hours,"""Closed Opens 11:30 am Sat"""
d3ab7568-15db-5513-9741-f72251e1996c,1209018d-984d-5e72-9ea1-18bd5a342275,service_options,"""Dine-in, Drive-through, No-contact delivery"""
3a69b76f-7d1b-58ff-aa64-d8f070ffacf4,1209018d-984d-5e72-9ea1-18bd5a342275,price_range,"""৳400–1,400"""
103fb383-36a5-54a2-b472-e4abfe600e8d,a19d16ea-360d-581a-9bb5-433ddc0cecdc,category,"""Restaurant"""
7c2e7e86-d5d2-5d52-bdc4-51a16bac4ddb,a19d16ea-360d-581a-9bb5-433ddc0cecdc,opening_hours,"""Open Closes 4 am"""
a0840fe3-b968-5040-8f8e-63b947e20838,a19d16ea-360d-581a-9bb5-433ddc0cecdc,service_options,"""Dine-in, Takeaway, No-contact delivery"""
e127a3e6-0f28-5d4b-9d9f-65fcf23966f5,a19d16ea-360d-581a-9bb5-433ddc0cecdc,price_range,"""৳600–1,600"""
846daab4-08fa-591c-b7fd-42bae6362cf4,c8348ce9-7dd2-5ce6-a3aa-2714af966209,category,"""Asian"""
72add7aa-0649-56a5-b095-e890c0cb9b58,c8348ce9-7dd2-5ce6-a3aa-2714af966209,opening_hours,"""Closes soon 11:30 pm · Opens 12 pm"""
0373fb31-da3f-5b68-8589-db78073e4d71,c8348ce9-7dd2-5ce6-a3aa-2714af966209,service_options,"""Dine-in, Takeaway, Delivery"""
3c7491a4-40c0-5b2e-bdbc-d7ba7ceba215,932a72f8-7ae6-5ae7-bb1b-5eeac0a4dac7,category,"""Restaurant"""
bd1b006d-ecef-5f7e-a86a-32d508412113,932a72f8-7ae6-5ae7-bb1b-5eeac0a4dac7,opening_hours,"""Closed Opens 1 pm Sat"""
fea5ef07-4b10-556d-96ab-dbed5e9d9f60,932a72f8-7ae6-5ae7-bb1b-5eeac0a4dac7,service_options,"""Dine-in, Takeaway, No-contact delivery"""
eeb6546f-e012-52bc-bee3-4d61110283bb,932a72f8-7ae6-5ae7-bb1b-5eeac0a4dac7,price_range,"""৳2,000+"""
41751f85-6aa3-5269-a43f-c9843b470007,125b83a6-e012-59ad-82d4-7d4727f4dd2b,category,"""Restaurant"""
b7eedb7d-1475-57b7-88a2-bd90e3fbccb0,125b83a6-e012-59ad-82d4-7d4727f4dd2b,opening_hours,"""Closes soon 12 am · Opens 12 pm Sa"""
0e530b27-e130-5c84-8eba-5b4f784c6dc3,125b83a6-e012-59ad-82d4-7d4727f4dd2b,service_options,"""Dine-in, Takeaway, Delivery"""
0f393eab-5fdf-5068-a7a5-36dbbefd9701,125b83a6-e012-59ad-82d4-7d4727f4dd2b,price_range,"""৳400–1,400"""
e2951d2e-7f15-5747-a177-1cc0b07fad9e,e69272ac-15bf-500b-906d-54693688c799,category,"""Restaurant"""
a66840b1-3355-5cfc-a339-42e61c3c1d22,e69272ac-15bf-500b-906d-54693688c799,opening_hours,"""Closes soon 11:30 pm · Opens 1 pm S"""
b430941f-dfe4-5889-a554-69442b32189f,e69272ac-15bf-500b-906d-54693688c799,service_options,"""Dine-in, Takeaway, Delivery"""
5c4e1c8a-b601-566f-af64-7531d6ea0969,e69272ac-15bf-500b-906d-54693688c799,price_range,"""৳400–1,200"""
8374a0cc-4e31-5259-ab1f-1aa99d5e63d6,dab95e41-0f7c-5a67-a14f-4256bf37b743,category,"""Thai"""
5191d3d0-0a74-5dd6-a2e6-12df1947546b,dab95e41-0f7c-5a67-a14f-4256bf37b743,opening_hours,"""Open Closes 1 am"""
caae1174-de00-5087-b439-d9d19490dc49,dab95e41-0f7c-5a67-a14f-4256bf37b743,service_options,"""Dine-in, Takeaway, No-contact delivery"""
2cbd7846-d4f9-5e16-bbfb-d475d6342ec8,a39efdfc-99ba-5f98-82ce-5bdadbd7a386,category,"""Steak"""
b34e22bd-c083-5cec-9f80-17ce1910e39c,a39efdfc-99ba-5f98-82ce-5bdadbd7a386,opening_hours,"""Closed Opens 1 pm Sat"""
020ff96f-2d54-5859-bf79-aa2a748985bc,a39efdfc-99ba-5f98-82ce-5bdadbd7a386,service_options,"""Dine-in, Takeaway, No-contact delivery"""
9f8acd7c-8041-5e9c-853b-652237fce545,a39efdfc-99ba-5f98-82ce-5bdadbd7a386,price_range,"""৳2,000+"""
f8ffb694-1ab1-54fe-8e2e-ab40018e6e85,2e00bc58-8c46-51f6-b30b-68967e06a3fe,category,"""Steak"""
bc5a1e28-a1bf-5fd7-99d3-3d274c4a31e5,2e00bc58-8c46-51f6-b30b-68967e06a3fe,opening_hours,"""Closes soon 11:30 pm · Opens 12 pm"""
c65db8f9-39c9-5332-b6cb-3198efc4bd9f,2e00bc58-8c46-51f6-b30b-68967e06a3fe,service_options,"""Dine-in, Takeaway, No-contact delivery"""
57274b63-27c4-5a09-9eaa-f4f21c6b258f,2e00bc58-8c46-51f6-b30b-68967e06a3fe,price_range,"""৳2,000+"""
994e16b8-d8d3-50e7-bfc3-5769c4f51446,45cae320-ed5e-511c-af00-4ba416419a10,category,"""Portuguese"""
a931ba58-1413-57d3-b24a-99171a8b0b2c,45cae320-ed5e-511c-af00-4ba416419a10,opening_hours,"""Open Closes 2 am"""
00baf85a-f586-544e-9a13-23c617f6ceac,45cae320-ed5e-511c-af00-4ba416419a10,service_options,"""Dine-in, Drive-through, No-contact delivery"""
fb2b9d39-2eae-519d-a6f5-46d0d52eb1fd,45cae320-ed5e-511c-af00-4ba416419a10,price_range,"""৳600–1,400"""
aba57d8e-577a-59ce-a75e-14e5f64419c7,c5c47050-54f2-53a2-8f3e-985b9a993663,category,"""Restaurant"""
1de70e15-efd2-536f-9c0e-0e22e47c7b94,c5c47050-54f2-53a2-8f3e-985b9a993663,opening_hours,"""Open Closes 1 am"""
3c73bf46-064f-5cf1-99cb-a648c3ccb5bd,c5c47050-54f2-53a2-8f3e-985b9a993663,service_options,"""Dine-in, Kerbside pickup, No-contact delivery"""
a1efbe5b-30ff-51fc-a493-f2e0780dc985,c5c47050-54f2-53a2-8f3e-985b9a993663,price_range,"""৳400–1,200"""
11a1bda4-fb3a-5d69-af35-3de85bb2e5b6,8c7b3a4f-db4a-5ea7-a3fc-e956f7ee249e,category,"""Restaurant"""
43f763cc-fcf9-5030-b54a-bda2ae8db5c8,8c7b3a4f-db4a-5ea7-a3fc-e956f7ee249e,opening_hours,"""Open Closes 1 am"""
ffb8ea70-1e61-5eaa-b1eb-e5dc9db68c71,8c7b3a4f-db4a-5ea7-a3fc-e956f7ee249e,service_options,"""Dine-in, Kerbside pickup, No-contact delivery"""
2b8f83f8-dad7-5972-961b-8855034038bd,71b6226c-c988-5e0c-bce6-1b92b6b4d211,category,"""Asian"""
78a45f28-8851-50e8-aa4a-d51fc71db490,71b6226c-c988-5e0c-bce6-1b92b6b4d211,opening_hours,"""Open Closes 1 am"""
4b9c5006-4bc3-5fcf-84d4-3e6a9ea3c3f5,71b6226c-c988-5e0c-bce6-1b92b6b4d211,service_options,"""Dine-in, Kerbside pickup, No-contact delivery"""
21edfb56-a43f-577a-a597-2ba0a16b6798,8c4db453-1743-5edf-8c1c-4b2861841809,category,"""Thai"""
5e7e9644-b1d7-5b5b-93aa-4a158e37b85b,8c4db453-1743-5edf-8c1c-4b2861841809,opening_hours,"""Closed Opens 12 pm Sat"""
a3a6f0bb-6a64-5b3a-a35a-1ca0839eb2af,8c4db453-1743-5edf-8c1c-4b2861841809,service_options,"""Dine-in, Takeaway, No-contact delivery"""
163289cd-b685-5cd7-ac42-4a09b7317427,8c4db453-1743-5edf-8c1c-4b2861841809,price_range,"""৳1–200"""
870e1feb-726f-52c6-bcc3-65da7241b200,ace474c2-35ba-50ef-914f-9818df21f6fc,category,"""Steak"""
92376ab7-87e2-5d85-b312-08e9f8fbc1a7,ace474c2-35ba-50ef-914f-9818df21f6fc,opening_hours,"""Closes soon 11:30 pm · Opens 11:30"""
0ee66134-ee4d-5498-8c7f-ea2363297259,ace474c2-35ba-50ef-914f-9818df21f6fc,service_options,"""Dine-in, Kerbside pickup, No-contact delivery"""
25d81ddf-c07e-5b41-9302-cb7da97942d1,ace474c2-35ba-50ef-914f-9818df21f6fc,price_range,"""৳2,000+"""
2835da56-7314-5f1c-98f5-ed34172a8bb0,1214e34e-64b9-522e-90ca-f445019afd58,category,"""Restaurant"""
4bf70fa3-e089-5d98-bb81-b587af03a088,1214e34e-64b9-522e-90ca-f445019afd58,opening_hours,"""Closes soon 11:45 pm · Opens 11:30"""
7b60d700-48de-5033-ae32-c2803597a7fa,1214e34e-64b9-522e-90ca-f445019afd58,service_options,"""Dine-in, Takeaway, No-contact delivery"""
88bd27d9-5752-57b3-8777-9b384a9209d9,1214e34e-64b9-522e-90ca-f445019afd58,price_range,"""৳400–600"""
3cc44b50-0f63-53dd-983d-24913b961409,1b9c6bcd-8cf2-5bc7-af68-5e6612aeecf2,category,"""Fast Food"""
2efd1b9c-9f9b-5b03-9492-bf3cf8d3ac43,1b9c6bcd-8cf2-5bc7-af68-5e6612aeecf2,opening_hours,"""Open Closes 1 am"""
45b06f4c-b892-5ef7-989b-996cc01f6063,1b9c6bcd-8cf2-5bc7-af68-5e6612aeecf2,service_options,"""Dine-in, Takeaway, No-contact delivery"""
c75b5c71-a8da-5162-a1fd-9b6dcd98ff20,1b9c6bcd-8cf2-5bc7-af68-5e6612aeecf2,price_range,"""৳400–1,200"""
ee8101fb-c542-57f1-81cd-b3afa6af2188,daf5744e-c698-513d-a840-a79dcd317f8a,category,"""Restaurant"""
ebe361e6-0c9f-55f4-b6e2-84c7e8d2fc46,daf5744e-c698-513d-a840-a79dcd317f8a,opening_hours,"""Closed Opens 12 pm Sat"""
48c83677-37cf-530a-9beb-41210cac570d,daf5744e-c698-513d-a840-a79dcd317f8a,service_options,"""Dine-in, Takeaway, No-contact delivery"""
e760be85-1dc3-561c-b9ba-3e4e121f632b,daf5744e-c698-513d-a840-a79dcd317f8a,price_range,"""৳400–600"""
c53f9ec8-0c61-5a1f-9a4e-6a5b5ec4e81a,a303c5b7-75d4-5e12-886a-0c1dc413d769,category,"""Restaurant"""
1ed34b94-ff0d-54cf-9ec0-82880a6062eb,a303c5b7-75d4-5e12-886a-0c1dc413d769,opening_hours,"""Closed Opens 10 am Sat"""
79dd3c1e-b7e1-5b35-972c-10b9583c0a2f,a303c5b7-75d4-5e12-886a-0c1dc413d769,service_options,"""Dine-in, Drive-through, No-contact delivery"""
f4139179-1c21-59bb-b935-2dd96ee302ec,97cf6bd8-16d2-56fc-aee7-08dfb7eee8b7,category,"""Steak"""
8c66ff2e-0825-58e4-be2e-37383a8888b1,97cf6bd8-16d2-56fc-aee7-08dfb7eee8b7,opening_hours,"""Closed Opens 12 pm Sat"""
ed7f57df-58fb-57b3-8547-beab9b808d51,97cf6bd8-16d2-56fc-aee7-08dfb7eee8b7,service_options,"""Dine-in, Takeaway, No-contact delivery"""
020d5dde-6a39-545b-b60c-29ef3a5e2c02,97cf6bd8-16d2-56fc-aee7-08dfb7eee8b7,price_range,"""৳2,000+"""
6f45bef9-7b67-5229-b0d6-5d7b554fd2c0,1433170f-5fd9-5eca-a92e-27234b03b4c4,category,"""Restaurant"""
b2aa853c-97dd-53b8-83b9-c0c5ee051fde,1433170f-5fd9-5eca-a92e-27234b03b4c4,opening_hours,"""Closed Opens 11 am Sat"""
da1802d0-eae0-55a1-b37a-5ffa876d233f,1433170f-5fd9-5eca-a92e-27234b03b4c4,service_options,"""Dine-in, Takeaway"""
28d773dc-9aa3-5c46-9d49-56141c3a85b9,1433170f-5fd9-5eca-a92e-27234b03b4c4,price_range,"""৳800–2,000"""
04e8ec23-faec-5427-87ab-f05ee576c24b,466c03b7-7c41-5613-a003-dcf4e3fea6c8,category,"""Restaurant"""
93ac98e0-9d84-58b0-95d0-a5a39dbe591d,466c03b7-7c41-5613-a003-dcf4e3fea6c8,opening_hours,"""Closed Opens 10 am Sat"""
6a906aae-4c91-52fb-8e25-b8e42187e4cd,466c03b7-7c41-5613-a003-dcf4e3fea6c8,service_options,"""Dine-in, Drive-through, No-contact delivery"""
d854f564-814a-5e1f-a996-985537ee8a1e,466c03b7-7c41-5613-a003-dcf4e3fea6c8,price_range,"""৳200–1,400"""
8bcf372c-9568-57ea-a4a3-5beacf3deaa9,ad37c71a-2496-563d-a1bd-eec8eb1972cf,category,"""Restaurant"""
c334d65c-f099-5ab3-8459-d2095dda0a17,ad37c71a-2496-563d-a1bd-eec8eb1972cf,opening_hours,"""Closed Opens 1 pm Sat"""
48eb74e0-4cf8-5d40-a4f5-dab556fcb39a,ad37c71a-2496-563d-a1bd-eec8eb1972cf,service_options,"""Dine-in, Takeaway"""
4ddbe42f-7ea3-5bcb-9935-2b657f9fbf79,ad37c71a-2496-563d-a1bd-eec8eb1972cf,price_range,"""৳2,000+"""
64993ca6-7946-5de1-8ee0-cdb88c3420f2,fd81bf05-aea8-599e-8fd2-234e79331966,category,"""Restaurant"""
fdb3e538-af5c-52e5-8a37-2e03fbaee435,fd81bf05-aea8-599e-8fd2-234e79331966,opening_hours,"""Closes soon 11:30 pm · Opens 6 am S"""
25d94bcf-4e87-5e35-abb3-bd31d1bcc7a1,fd81bf05-aea8-599e-8fd2-234e79331966,service_options,"""Dine-in, Drive-through, No-contact delivery"""
7614a51f-3cae-55ff-8d2c-1d67dc169939,fd81bf05-aea8-599e-8fd2-234e79331966,price_range,"""৳2,000+"""
88d94ac6-da80-5d9b-9cf9-6803f8b93e5d,a1e3d73b-66be-51e0-8ae3-e5834f817228,category,"""Restaurant"""
8335c65c-8982-57cf-9f26-d1929316b2f8,a1e3d73b-66be-51e0-8ae3-e5834f817228,opening_hours,"""Open Closes 2 am"""
038a00b1-aff5-5c4b-8c29-56d946df7013,a1e3d73b-66be-51e0-8ae3-e5834f817228,service_options,"""Dine-in, Takeaway"""
b6a224ef-0eef-5525-90d2-814442d3b948,e8737f31-7a56-55c3-8d19-d478dd36887e,category,"""Restaurant"""
78ffe96b-433d-59da-b60e-cc81cbef21a3,e8737f31-7a56-55c3-8d19-d478dd36887e,opening_hours,"""Closes soon 11:30 pm · Opens 12:30"""
707b3a3a-508f-5d31-b62f-52884eb01375,e8737f31-7a56-55c3-8d19-d478dd36887e,service_options,"""Dine-in, Drive-through, Delivery"""
cd779370-b2eb-54fe-b54b-e60e4fbe8f52,e8737f31-7a56-55c3-8d19-d478dd36887e,price_range,"""৳400–1,400"""
c2be76ac-bdb6-57db-a98e-6d6c140de4e5,b2c16a34-8c93-5ee5-8a31-9a9e47b9d511,category,"""Restaurant"""
d012c2e4-5fc9-5dbd-a5db-544edcec6648,b2c16a34-8c93-5ee5-8a31-9a9e47b9d511,opening_hours,"""Closed Opens 12 pm Sat"""
d05f665b-e520-5720-b32e-4568f1a28514,b2c16a34-8c93-5ee5-8a31-9a9e47b9d511,service_options,"""Dine-in, Drive-through, No-contact delivery"""
39c268d2-6eac-5ad5-839e-4e89214e49e9,b2c16a34-8c93-5ee5-8a31-9a9e47b9d511,price_range,"""৳400–1,200"""
a8f2671e-9f03-5daa-a76d-10af258c6802,784976f5-73e1-5bc2-aef9-fd9a3a4a8393,category,"""Fast Food"""
2b2f31bf-afdc-50a3-871c-9338a3865a31,784976f5-73e1-5bc2-aef9-fd9a3a4a8393,opening_hours,"""Closes soon 12 am · Opens 11 am Sa"""
8ceb6be6-5de9-5db8-aba3-1662e0e17a48,784976f5-73e1-5bc2-aef9-fd9a3a4a8393,service_options,"""Dine-in, Takeaway, No-contact delivery"""
71f1d3af-b92b-5733-a3b5-6eb94b2ef7bb,784976f5-73e1-5bc2-aef9-fd9a3a4a8393,price_range,"""৳200–400"""
4d2b9801-41d6-546b-b475-6b828a02de59,518f4b21-2f0e-511f-a9e9-9d8a859d2583,category,"""Restaurant"""
6e19b40e-b5f1-50f9-b493-fc8407f6547d,518f4b21-2f0e-511f-a9e9-9d8a859d2583,opening_hours,"""Open 24 hours"""
68073dcf-045e-573a-9b68-7de5ff1eeb7b,518f4b21-2f0e-511f-a9e9-9d8a859d2583,service_options,"""Dine-in, Drive-through, Delivery"""
029718b0-685e-5895-8376-bd44cfe88a0a,518f4b21-2f0e-511f-a9e9-9d8a859d2583,price_range,"""৳2,000+"""
b0859c7e-ec29-5ae2-91d4-79b02f568c4b,f4b09c2b-2d3e-55b1-93e3-cd2680a5f845,category,"""Takeout restaura"""
9b10a695-4cd5-58d6-bdc5-5aaaf766597d,f4b09c2b-2d3e-55b1-93e3-cd2680a5f845,opening_hours,"""Open Closes 12:30 am"""
95726a2d-1f07-5984-92d1-a64fdd34f7e6,f4b09c2b-2d3e-55b1-93e3-cd2680a5f845,service_options,"""Dine-in, Drive-through, No-contact delivery"""
43b2eb25-929a-5057-827b-603c4108de9a,f4b09c2b-2d3e-55b1-93e3-cd2680a5f845,price_range,"""৳200–400"""
bd9afd36-36c1-5a00-8424-d074c0da02c7,35de5a8a-b98f-56ad-a812-b9edd8d5bf43,category,"""Restaurant"""
f78e0285-46b0-5399-b112-007d4e571ef6,35de5a8a-b98f-56ad-a812-b9edd8d5bf43,opening_hours,"""Closed Opens 12 pm Sat"""
5b88039d-9089-5d0b-b99e-3598db5f035f,35de5a8a-b98f-56ad-a812-b9edd8d5bf43,service_options,"""Dine-in, Takeaway, Delivery"""
91ff5a61-1d61-5e9d-9a91-92125cbb565c,35de5a8a-b98f-56ad-a812-b9edd8d5bf43,price_range,"""৳400–1,600"""
f6ce6aa0-8ded-5d36-a0ed-74d38dcc6af3,970d89a1-db07-5428-ba99-112512d6dd82,category,"""Restaurant"""
50decc93-2d05-530e-800b-01df77834f04,970d89a1-db07-5428-ba99-112512d6dd82,opening_hours,"""Closes soon 11:30 pm · Opens 12:30"""
bc5828a8-ee3c-5f85-8943-64d7900883d0,970d89a1-db07-5428-ba99-112512d6dd82,service_options,"""Dine-in, Drive-through, No-contact delivery"""
46b4dd6c-9793-58d3-a44a-cd76dd6dfe81,004f35a2-d838-5355-b1a4-ba1a2d9debc3,category,"""Restaurant"""
78035910-cb0f-568c-b1b2-ae6f4dc4beb7,004f35a2-d838-5355-b1a4-ba1a2d9debc3,opening_hours,"""Closes soon 12 am · Opens 12 pm Sa"""
e5ded294-794f-54a0-b6c3-5f2210c5401d,004f35a2-d838-5355-b1a4-ba1a2d9debc3,service_options,"""Dine-in, Takeaway, No-contact delivery"""
9bb45481-9ef5-54a7-9b25-d882e46afca1,004f35a2-d838-5355-b1a4-ba1a2d9debc3,price_range,"""৳2,000+"""
9791bd5b-4e12-5630-8a22-8d22ed35dd35,82e45ee8-b875-5bb3-9f41-f96ae62993dc,category,"""Fast Food"""
2ca90ec6-d41e-5adb-b0cf-88ee07227313,82e45ee8-b875-5bb3-9f41-f96ae62993dc,opening_hours,"""Closes soon 12 am · Opens 11 am Sa"""
2d5bfc91-e824-5ff7-9562-2005e5885dd4,82e45ee8-b875-5bb3-9f41-f96ae62993dc,service_options,"""Dine-in, Takeaway, No-contact delivery"""
2862b6fc-9853-5ea3-b5d9-21d7aae2ca4e,82e45ee8-b875-5bb3-9f41-f96ae62993dc,price_range,"""৳200–400"""
95cf3414-92fe-5a78-9400-0dcbcbfc9e98,9da6035a-ddeb-5607-a0cf-5719cb6f44a7,category,"""Turkish"""
c7b9ea86-47f8-5f7a-843d-ecefcdbec905,9da6035a-ddeb-5607-a0cf-5719cb6f44a7,opening_hours,"""Closed Opens 1 pm Sat"""
d4b43621-4a27-599d-977d-3d8671f53413,9da6035a-ddeb-5607-a0cf-5719cb6f44a7,service_options,"""Dine-in, Takeaway, No-contact delivery"""
d25067ec-2e7a-5f87-b2cc-3ba23afa774f,c00ee887-2603-5d58-bc6c-eb6e1b0b1bd6,category,"""Cantonese"""
fec77f05-ee03-5221-ac36-b3c296e76881,c00ee887-2603-5d58-bc6c-eb6e1b0b1bd6,opening_hours,"""Closed Opens 11:30 am Sat"""
fdb08d0d-39c7-5d80-9ea1-9eca4f622fcd,c00ee887-2603-5d58-bc6c-eb6e1b0b1bd6,service_options,"""Dine-in, Takeaway, No-contact delivery"""
90a4fba6-93b0-5c94-a68a-acfe59413cc1,c429349b-f64a-555d-8874-407464387289,category,"""Restaurant"""
e5138ba9-3972-5285-93f2-766eb6c54cde,c429349b-f64a-555d-8874-407464387289,opening_hours,"""Closed Opens 11 am Sat"""
a785f421-b7e8-5330-b861-83d98bdddf6f,c429349b-f64a-555d-8874-407464387289,service_options,"""Dine-in, Drive-through, No-contact delivery"""
7f94f80f-5e50-5f62-9621-db1b1fa71328,c429349b-f64a-555d-8874-407464387289,price_range,"""৳200–400"""
17eb647c-0856-535c-b822-3e4b5db932c0,0098bee2-5c4a-560a-aeb3-b43f6fb4c079,category,"""Pizza"""
be1db297-d25d-54b7-8c97-fadeb7ccc937,0098bee2-5c4a-560a-aeb3-b43f6fb4c079,opening_hours,"""Closed Opens 11 am Sat"""
6d812f70-ed4f-53fc-8d2f-285d333ccbc2,0098bee2-5c4a-560a-aeb3-b43f6fb4c079,service_options,"""Dine-in, Takeaway, No-contact delivery"""
e1989fc5-c103-5a44-ae6f-7a80d6b282f9,0098bee2-5c4a-560a-aeb3-b43f6fb4c079,price_range,"""৳400–1,400"""
03c605e0-a86b-5d01-aba6-2ac4de2cae13,a7582b68-1b51-53ff-84a9-82e462cc0771,category,"""Bangladeshi"""
9ea27d86-ecfa-5ba0-a3de-ae5fb9d3a1a5,a7582b68-1b51-53ff-84a9-82e462cc0771,opening_hours,"""Open 24 hours"""
96cfb084-ab06-5270-9239-229c9f91bd7f,a7582b68-1b51-53ff-84a9-82e462cc0771,service_options,"""Dine-in, Drive-through, No-contact delivery"""
a83677f9-12f5-54ca-81af-4b1b8e877380,a7582b68-1b51-53ff-84a9-82e462cc0771,price_range,"""৳400–600"""
c14da267-14b4-5e15-a715-1c6a7ebb3586,74176171-7242-5442-9217-6cf5a35866c9,category,"""Restaurant"""
ce9e30ca-fedd-5606-a064-92ac5dba1f6b,74176171-7242-5442-9217-6cf5a35866c9,opening_hours,"""Closed Opens 1 pm Sat"""
b715d007-0816-5992-ad89-a5eba6aead4a,74176171-7242-5442-9217-6cf5a35866c9,service_options,"""Dine-in, Drive-through, No-contact delivery"""
52d61a46-3707-534e-b33a-f64fc7e8017b,74176171-7242-5442-9217-6cf5a35866c9,price_range,"""৳2,000+"""
e125d1f9-d201-5354-b9b0-2e696e126672,3662f421-c3e0-5307-a2b0-ef514005442b,category,"""Chinese"""
c86fdc0e-60cd-52f6-b2c1-64b63f182f00,3662f421-c3e0-5307-a2b0-ef514005442b,opening_hours,"""Closed Opens 12 pm Sat"""
8c1375ee-aef5-5fbf-8aa0-a60e10947185,3662f421-c3e0-5307-a2b0-ef514005442b,service_options,"""Dine-in, Takeaway, Delivery"""
5e99f06e-5581-52f2-b8ef-318c7efd9bb7,3662f421-c3e0-5307-a2b0-ef514005442b,price_range,"""৳200–600"""
b896c0fd-ae6d-5d50-9d2f-9b3b31bde643,03252fec-ccc5-5347-ae08-6bd21604bf50,category,"""Bangladeshi"""
99da096b-4cb6-5475-8dbe-9e2a6060f00c,03252fec-ccc5-5347-ae08-6bd21604bf50,opening_hours,"""Closes soon 11:30 pm · Opens 11:30"""
eafc7ea0-850a-5774-ab0c-e902af9ef49f,03252fec-ccc5-5347-ae08-6bd21604bf50,service_options,"""Dine-in, Drive-through, No-contact delivery"""
3d1aa172-5ce7-5837-8849-41cb1bbdaccd,03252fec-ccc5-5347-ae08-6bd21604bf50,price_range,"""৳200–400"""
8dbd717b-cc69-5b16-8869-9e8334d8e5aa,5c42ef60-385d-5e0c-9473-b03bae35052d,category,"""Restaurant"""
9c32cc44-53f6-5ce0-81ee-15802f484a89,5c42ef60-385d-5e0c-9473-b03bae35052d,opening_hours,"""Closed Opens 12 pm Sat"""
a93875ff-f1f3-5b17-87d6-23ef3f90d08a,5c42ef60-385d-5e0c-9473-b03bae35052d,service_options,"""Dine-in, Takeaway, Delivery"""
5583e361-2bba-54f5-a78d-3d1cdc1ed64b,5c42ef60-385d-5e0c-9473-b03bae35052d,price_range,"""৳200–1,000"""
89b96ba6-b064-52e5-9491-fd4746f50d93,fcae72fd-9490-5894-9803-892cab008bf0,category,"""Restaurant"""
2e4b460a-beaa-59c5-8083-5bae594a4f19,fcae72fd-9490-5894-9803-892cab008bf0,opening_hours,"""Closed Opens 12 pm Sat"""
4c118110-13c3-569b-ae46-9f85714e14d7,fcae72fd-9490-5894-9803-892cab008bf0,service_options,"""Dine-in, Takeaway, Delivery"""
405df10a-1645-53ab-a753-f29d53daeb99,e647c1e1-04b6-57fa-afec-0c5dc5378024,category,"""Pan Asian"""
c7adb8b4-f97a-5f22-8c86-7825263168c9,e647c1e1-04b6-57fa-afec-0c5dc5378024,opening_hours,"""Closed Opens 12 pm Sat"""
c83344a4-bb46-5b3e-b0d2-4b40e1bbfadd,e647c1e1-04b6-57fa-afec-0c5dc5378024,service_options,"""Dine-in, Takeaway, Delivery"""
a856eb5e-af7b-52fd-972b-49be6ad1fbbd,e647c1e1-04b6-57fa-afec-0c5dc5378024,price_range,"""৳1,000–1,200"""
dc6b745f-5f80-5a68-9063-08c38755a5aa,33683444-5f2f-583b-8662-c70ae4073354,category,"""Restaurant"""
b36d7057-5699-5c82-9cf3-9b4876a8fae1,33683444-5f2f-583b-8662-c70ae4073354,opening_hours,"""Closed Opens 4 pm Sat"""
d33742b1-cce9-5a5c-8a00-58a6496eedbb,33683444-5f2f-583b-8662-c70ae4073354,service_options,"""Dine-in, Takeaway"""
f401c2d4-91b9-5fec-b7a6-4c19788bb371,33683444-5f2f-583b-8662-c70ae4073354,price_range,"""৳2,000+"""
b7aaf33b-3b66-53cd-873b-85a9f566c155,8cf4ecb3-1575-5dec-8545-57595dce573b,category,"""Coffee shop"""
d0de8c71-9ec8-550e-8e72-2a510e33ea78,8cf4ecb3-1575-5dec-8545-57595dce573b,opening_hours,"""Open Closes 1 am"""
07b7b257-49b7-599d-a9b8-c4ffd1e96c75,8cf4ecb3-1575-5dec-8545-57595dce573b,price_range,"""৳400–1,400"""
a80f6d83-38d9-5173-845b-193926e0ecf5,ceb11e12-4937-5602-9464-39d4902d95a2,category,"""Italian"""
9de49ccd-08b2-5cbf-8370-4b0b28f20efc,ceb11e12-4937-5602-9464-39d4902d95a2,opening_hours,"""Closed Opens 2 pm Sat"""
0e331c55-8839-5f5d-a267-ca7ab5643c27,ceb11e12-4937-5602-9464-39d4902d95a2,service_options,"""Dine-in, Takeaway, No-contact delivery"""
86746ce8-11f4-5676-8764-c7ef2c10aa8e,ceb11e12-4937-5602-9464-39d4902d95a2,price_range,"""৳800–2,000"""
aec70e5a-3953-5652-a8a0-6334aa307a89,595e47b7-97fe-57c9-931e-8624eda7c5ba,category,"""Restaurant"""
ec4977d5-1ec6-52cd-a065-0075cc50a114,595e47b7-97fe-57c9-931e-8624eda7c5ba,opening_hours,"""Closed Opens 12 pm Sat"""
fb190835-2a03-5351-96c3-004c6f39c9b6,595e47b7-97fe-57c9-931e-8624eda7c5ba,service_options,"""Dine-in, Takeaway, Delivery"""
4f49ffbb-443d-5a17-a619-2372af03c178,595e47b7-97fe-57c9-931e-8624eda7c5ba,price_range,"""৳200–600"""
18d0414a-5906-53a7-9b81-71463537315c,2b95d5ca-0666-50c3-9a5a-ca0d571f46cc,category,"""Fast Food"""
27c02e43-887a-53cf-8dad-b05805a57f06,2b95d5ca-0666-50c3-9a5a-ca0d571f46cc,opening_hours,"""Closes soon 12 am · Opens 10 am Sa"""
8e1ae192-fca9-5246-a402-5be14bc87353,2b95d5ca-0666-50c3-9a5a-ca0d571f46cc,service_options,"""Dine-in, Drive-through, No-contact delivery"""
10fa4ecf-8c02-5a4a-9e82-0a6f81e7d854,2b95d5ca-0666-50c3-9a5a-ca0d571f46cc,price_range,"""৳400–1,400"""
ac3de7da-c267-52a6-a193-c376c6b8b36a,f6fdaa12-d3dd-5fc4-93a5-5bd4ec5fcdbd,category,"""Restaurant"""
9cc575bc-5ef0-5825-b20e-211d2e41a5c8,f6fdaa12-d3dd-5fc4-93a5-5bd4ec5fcdbd,service_options,"""Dine-in, Takeaway"""
0579d9a1-52b7-57fe-a41f-17855f0de413,f6fdaa12-d3dd-5fc4-93a5-5bd4ec5fcdbd,price_range,"""৳600–1,600"""
0a12e28a-85f1-5a09-9540-cd1a2fd5ac97,1275d7ad-ed0e-5f61-8727-a325909e035f,category,"""Pizza"""
08d52cad-6ffb-5106-94ec-0c3300567b89,1275d7ad-ed0e-5f61-8727-a325909e035f,opening_hours,"""Open Closes 1 am"""
9a1c5c26-5f27-5fdf-b340-11727ed402d9,1275d7ad-ed0e-5f61-8727-a325909e035f,service_options,"""Dine-in, Kerbside pickup, No-contact delivery"""
34165637-a92e-51e0-a11a-9543add969f9,1275d7ad-ed0e-5f61-8727-a325909e035f,price_range,"""৳200–1,400"""
04d7ab6b-4259-56b2-a237-54fc80212802,a3599f17-903b-5337-9cdd-2c738ca9803d,category,"""Pizza"""
49f82106-9489-5be9-8dd1-d147e6d36202,a3599f17-903b-5337-9cdd-2c738ca9803d,opening_hours,"""Closes soon 11:30 pm · Opens 11 am"""
e30bb45c-dc25-5ec5-86d7-013af6275de4,a3599f17-903b-5337-9cdd-2c738ca9803d,service_options,"""Dine-in, Takeaway, Delivery"""
791c94e5-53d6-5760-ad1f-59cff5fe9b44,a3599f17-903b-5337-9cdd-2c738ca9803d,price_range,"""৳400–1,200"""
d022e915-4159-5acc-a7ca-6a38f75643a5,4d2ebef2-7a60-5ec3-bc26-290764f5578c,category,"""Restaurant"""
a234408d-aa94-5c7b-bfc6-46dde7ac0ce4,4d2ebef2-7a60-5ec3-bc26-290764f5578c,opening_hours,"""Closes soon 11:30 pm · Opens 8 am S"""
12425861-0cf1-5f9a-85d2-6432fb755e72,4d2ebef2-7a60-5ec3-bc26-290764f5578c,service_options,"""Dine-in, Takeaway, No-contact delivery"""
73714b37-eaeb-5fdc-8cb4-50598f7c3475,4d2ebef2-7a60-5ec3-bc26-290764f5578c,price_range,"""৳200–1,000"""
57fc5a4a-ff44-55a7-9c67-1eb9be9b844e,54054cca-561f-5b1b-a422-3b0242230966,category,"""Restaurant"""
81379707-649a-5a81-98e0-4bc5b2af8b5e,54054cca-561f-5b1b-a422-3b0242230966,opening_hours,"""Closed Opens 10 am Sat"""
f7e99efe-7c6f-585a-bc27-c44822f3cbb6,54054cca-561f-5b1b-a422-3b0242230966,service_options,"""Dine-in, Takeaway, Delivery"""
6226ebd9-a6db-5d39-98a5-c79e63bdd4d5,54054cca-561f-5b1b-a422-3b0242230966,price_range,"""৳800–1,000"""
02602db4-4208-54fc-bd52-68fae46cb642,ee00b82d-5adf-578e-a98b-c2850e9aaa5c,category,"""Asian Fusion"""
ae3ff854-c204-5f39-a411-fcd7b2bbf6f8,ee00b82d-5adf-578e-a98b-c2850e9aaa5c,opening_hours,"""Closed Opens 12 pm Sat"""
f7527fa5-dcae-59e9-89ee-47cafbc31273,ee00b82d-5adf-578e-a98b-c2850e9aaa5c,service_options,"""Dine-in, Takeaway, Delivery"""
e9025206-733b-5bb3-9bf5-ae896ed1ebf0,58c6b1d3-cb21-55bc-b17e-9d385d07a01e,category,"""Japanese"""
6d8d173b-a37c-5188-85cc-c72ef2a13caa,58c6b1d3-cb21-55bc-b17e-9d385d07a01e,opening_hours,"""Closed Opens 12 pm Sat"""
5d7b6d1d-dec1-52e5-af23-eb376492dfb0,58c6b1d3-cb21-55bc-b17e-9d385d07a01e,service_options,"""Dine-in, Drive-through, No-contact delivery"""
1007c130-63b3-5928-840e-ddd7d64ccf6f,951dd577-0041-5c51-a3c9-5868746b414b,category,"""Sushi"""
770d2198-8e94-5553-8f0e-dbbbbb14f10a,951dd577-0041-5c51-a3c9-5868746b414b,opening_hours,"""Closes soon 11:30 pm · Opens 12 pm"""
65365afe-8624-5382-bee9-d4928f7fc795,951dd577-0041-5c51-a3c9-5868746b414b,service_options,"""Dine-in, Kerbside pickup, Delivery"""
af9aafd9-c572-5e60-b506-077bb286b7a8,7a12e33e-7485-5f11-adee-a002e7ad7bc1,category,"""Fast Food"""
f7565c09-a67d-510d-9c15-c06cad3efb93,7a12e33e-7485-5f11-adee-a002e7ad7bc1,opening_hours,"""Closed Opens 11 am Sat"""
a57015a0-acad-5ea0-b56c-14fa9b518f61,7a12e33e-7485-5f11-adee-a002e7ad7bc1,service_options,"""Dine-in, Takeaway, No-contact delivery"""
9ce3d618-088d-5f94-8e01-df2fb60b5880,7a12e33e-7485-5f11-adee-a002e7ad7bc1,price_range,"""৳200–400"""
5822a346-177c-5488-9397-025990d9d710,5dd91301-5651-5861-a96d-bb96093b604b,category,"""Bangladeshi"""
d534011d-5945-519d-ac17-c6db5d138001,5dd91301-5651-5861-a96d-bb96093b604b,opening_hours,"""Closed Opens 11 am Sat"""
b0aac9d2-8d4e-530c-ad17-2015673ba392,5dd91301-5651-5861-a96d-bb96093b604b,service_options,"""Dine-in, Drive-through, No-contact delivery"""
1c03f6c3-7a3b-5aa0-b34b-d2b989587c6f,5dd91301-5651-5861-a96d-bb96093b604b,price_range,"""৳400–600"""
13ac81e6-ef09-5c6e-a517-a19efa8ba6cb,46ebfd05-3c92-5652-99f2-cf21ad3183a0,category,"""Restaurant"""
796cda69-61c1-5a17-826f-c2700c9d39ed,46ebfd05-3c92-5652-99f2-cf21ad3183a0,opening_hours,"""Closed Opens 11 am Sat"""
01caeb99-1f27-5471-aaf4-d4e7f79d69a9,46ebfd05-3c92-5652-99f2-cf21ad3183a0,service_options,"""Dine-in, Takeaway, Delivery"""
4e1eb596-4f1d-5de2-ac9e-b5af90891e89,46ebfd05-3c92-5652-99f2-cf21ad3183a0,price_range,"""৳400–600"""
2e800f64-023f-5c71-9156-b7731fb9386e,fbaa4d68-0098-500f-8edc-0c58814d9750,category,"""Fried Chicken"""
fa2a7d64-77fb-58fd-b372-9b215745fd03,fbaa4d68-0098-500f-8edc-0c58814d9750,opening_hours,"""Open Closes 4 am"""
168c8eeb-ee43-534c-8cbf-36933ed0924c,fbaa4d68-0098-500f-8edc-0c58814d9750,price_range,"""৳200–400"""
e8d747d5-ce4d-52ef-8285-822fe86d928e,324172e0-2e3b-5444-b669-db062b4eb33a,category,"""Restaurant"""
61b60e09-829c-5344-b3de-0a339e7ceb05,324172e0-2e3b-5444-b669-db062b4eb33a,opening_hours,"""Closed Opens 1 pm Sat"""
618b394d-9886-58f2-873b-6d678b36465c,324172e0-2e3b-5444-b669-db062b4eb33a,service_options,"""Dine-in"""
ae5768e9-8709-555b-9088-7e10154c76f2,324172e0-2e3b-5444-b669-db062b4eb33a,price_range,"""৳2,000+"""
0c0585a0-1099-5de8-9e52-10c32d6f2606,4be38bde-40cc-505a-9089-8df26a95dec1,category,"""Restaurant"""
547a5510-0ea7-5225-9ae9-f34ff02567c4,4be38bde-40cc-505a-9089-8df26a95dec1,opening_hours,"""Closes soon 11:30 pm · Opens 12 am"""
55104177-f725-5ca7-921d-141238131e09,4be38bde-40cc-505a-9089-8df26a95dec1,service_options,"""Dine-in, Drive-through, Delivery"""
fb467f47-14f4-58db-81e1-79a4103c4a73,fa0eae63-f00f-5c2f-847e-b6709b1070ac,category,"""Dessert shop"""
563adaac-19fc-5db6-a60f-1655eda04e25,fa0eae63-f00f-5c2f-847e-b6709b1070ac,opening_hours,"""Open Closes 3 am"""
93814180-08f1-5190-b9bb-f0ce5593f493,fa0eae63-f00f-5c2f-847e-b6709b1070ac,service_options,"""In-store pick-up, Delivery"""
f6c4c7fb-f845-5455-a9e5-3895f76c81c0,676af583-18a2-5577-8df3-c9c564976ae2,category,"""Fast Food"""
88f7ea7a-debb-5cd1-a379-d95a65df166e,676af583-18a2-5577-8df3-c9c564976ae2,opening_hours,"""Closes soon 11:45 pm · Opens 10 am"""
3e4f238c-ea37-5255-8fa2-6e1dcb86c6b3,676af583-18a2-5577-8df3-c9c564976ae2,service_options,"""Dine-in, Takeaway, No-contact delivery"""
bc365d24-c2be-54e5-adec-d10d9728bf82,676af583-18a2-5577-8df3-c9c564976ae2,price_range,"""৳200–400"""
81c72317-ec6c-5149-ba36-5fa33448a475,552bd834-3bb0-5650-b3b9-77cc25b522d8,category,"""Restaurant"""
843efc61-f542-58b5-88fe-785ea38a5b8e,552bd834-3bb0-5650-b3b9-77cc25b522d8,opening_hours,"""Open Closes 2 am"""
5d91941b-2b6b-5037-804d-e564f9ae3237,552bd834-3bb0-5650-b3b9-77cc25b522d8,service_options,"""Dine-in, Takeaway, Delivery"""
0854ef8d-d45f-5658-84ff-a057b2b31c6a,552bd834-3bb0-5650-b3b9-77cc25b522d8,price_range,"""৳400–1,000"""
7f40486b-7a2c-51dc-9416-823b4274dd13,d45dfe5e-7fd8-581f-a56e-57fb0f133380,category,"""Chinese"""
c14ddac3-ed39-5194-ae94-6388b47e2593,d45dfe5e-7fd8-581f-a56e-57fb0f133380,opening_hours,"""Closed Opens 12 pm Sat"""
37b2fd8a-d623-52f4-9b98-31427472154b,d45dfe5e-7fd8-581f-a56e-57fb0f133380,service_options,"""Dine-in, Takeaway, Delivery"""
73fc6c7d-281b-5e28-a066-4a80164ad120,9846566c-51ae-51cf-81ca-262e09ae451c,category,"""Restaurant"""
8d3e17eb-270b-5e17-a003-3c3ff5978639,9846566c-51ae-51cf-81ca-262e09ae451c,opening_hours,"""Closed Opens 1 pm Sat"""
be05d3ed-d80b-5f8a-bc9a-725bcdae9387,9846566c-51ae-51cf-81ca-262e09ae451c,service_options,"""Dine-in, Takeaway"""
83368f0c-6425-5fa4-9d36-97cda55347de,d119dfd8-913c-5825-bdaf-ff4fdc034b4a,category,"""Restaurant"""
0712c419-267a-5328-b618-34673bcc9258,d119dfd8-913c-5825-bdaf-ff4fdc034b4a,opening_hours,"""Closed Opens 12 pm Sat"""
9a527c9a-79b2-5112-8391-a0ddb388bfcc,d119dfd8-913c-5825-bdaf-ff4fdc034b4a,service_options,"""Dine-in, Kerbside pickup, No-contact delivery"""
f9f267ff-d568-56eb-82e7-a7a0a5c68bfd,d119dfd8-913c-5825-bdaf-ff4fdc034b4a,price_range,"""৳400–600"""
556ced68-ebfb-5ff6-816c-bdac3430eddc,ecbfc94d-5334-53b7-a3e9-f0ef837356a9,category,"""Fish & Chips"""
2e8dfeb9-b491-57e4-b6c7-1b21f4df1bdc,ecbfc94d-5334-53b7-a3e9-f0ef837356a9,opening_hours,"""Closes soon 11:30 pm · Opens 12 pm"""
697c8c40-7ed0-536e-8b29-b112dce7ed67,ecbfc94d-5334-53b7-a3e9-f0ef837356a9,service_options,"""Dine-in, Drive-through, No-contact delivery"""
d82bc3ac-16ed-5b8c-9332-6699a9ed5f9f,ecbfc94d-5334-53b7-a3e9-f0ef837356a9,price_range,"""৳200–400"""
8b991df9-c4bc-5cd4-9f3d-0c09d95fb170,fc4303c5-96cc-5e73-9693-2e32c1beb026,category,"""Lebanese"""
4c1e0852-408d-50d6-8861-00fce9a3265a,fc4303c5-96cc-5e73-9693-2e32c1beb026,opening_hours,"""Closed Opens 11 am Sat"""
9369a294-9485-5051-b9e9-8f3d48a3ec43,fc4303c5-96cc-5e73-9693-2e32c1beb026,service_options,"""Dine-in, Kerbside pickup, No-contact delivery"""
e00e6e9b-d1b3-5a33-af11-7dbe849c2a49,c9a80b92-b6e5-5101-bc47-88d77ed7a91e,category,"""Pizza"""
358ff201-073a-5d1b-8b18-52d9c50b704a,c9a80b92-b6e5-5101-bc47-88d77ed7a91e,opening_hours,"""Closed Opens 10 am Sat"""
66ff46b0-5523-5a3e-ac8d-763be70e342e,c9a80b92-b6e5-5101-bc47-88d77ed7a91e,service_options,"""Dine-in, Takeaway, No-contact delivery"""
c858506d-67ca-5bc2-86e1-03704629565c,c9a80b92-b6e5-5101-bc47-88d77ed7a91e,price_range,"""৳800–1,600"""
e9cfcccd-fdc1-5603-b669-f11cbfb6c39c,7bbd6b2d-ed06-55c4-b97d-5bb576361ef7,category,"""Restaurant"""
5182f799-e427-523e-9fb8-7520800523ba,7bbd6b2d-ed06-55c4-b97d-5bb576361ef7,opening_hours,"""Closes soon 11:30 pm · Opens 1 pm S"""
12e3c19f-cc9c-57ed-b946-36c3ebaa85c9,7bbd6b2d-ed06-55c4-b97d-5bb576361ef7,service_options,"""Dine-in, Drive-through, Delivery"""
7ea1777e-dcc7-583f-9709-0f4ee5b33cd9,7bbd6b2d-ed06-55c4-b97d-5bb576361ef7,price_range,"""৳1–600"""
206e2a1f-f11a-540c-b306-9efaa3c76138,0d158e89-0f15-5917-9a6f-77a2ac3c4a1f,category,"""4-star hotel"""
8228a5ba-45f2-5895-b8cc-f0cc49bb5007,344b9bf0-9de6-5181-83e2-e2549284efde,category,"""Fast Food"""
0f99924c-8422-597a-807f-28789cdfd783,344b9bf0-9de6-5181-83e2-e2549284efde,opening_hours,"""Closed Opens 12 pm Sat"""
875309e8-16b8-524c-b189-f2834ba544d3,344b9bf0-9de6-5181-83e2-e2549284efde,service_options,"""Dine-in, Drive-through, Delivery"""
437adb6e-3ee9-5c2e-bb97-07229f0e3a4c,344b9bf0-9de6-5181-83e2-e2549284efde,price_range,"""৳200–1,000"""
fb749e69-a5d2-5e00-a330-4c2b89243f40,a49e8bfb-87c0-56f3-b131-cd1b9356b32d,category,"""Bangladeshi"""
5162d05a-6690-567d-954a-a3205c273abe,a49e8bfb-87c0-56f3-b131-cd1b9356b32d,opening_hours,"""Closed Opens 7 am Sat"""
f921c722-d750-540b-8c82-af7e98f23e2a,a49e8bfb-87c0-56f3-b131-cd1b9356b32d,service_options,"""Dine-in, Drive-through, Delivery"""
93bc651d-cebd-5938-889b-ac8014a72853,03ffa125-9f2f-5b91-8223-0335a5ff78d3,category,"""Pizza"""
5ffe5ebb-82c5-5b9f-925c-835151e7cfcf,03ffa125-9f2f-5b91-8223-0335a5ff78d3,opening_hours,"""Closed Opens 11 am Sat"""
f76ae254-0376-571c-b93a-50eb760258d4,03ffa125-9f2f-5b91-8223-0335a5ff78d3,service_options,"""Dine-in, Takeaway, No-contact delivery"""
595e3a4e-3973-53d7-98cb-89c0b75dd461,03ffa125-9f2f-5b91-8223-0335a5ff78d3,price_range,"""৳400–1,600"""
bcb4b69f-ef99-5090-83bf-7637aa4c3faf,8edb8704-90a9-5783-bd84-45d69d04b76b,category,"""Restaurant"""
3957808c-c4b0-57cd-b862-81dea94e8488,8edb8704-90a9-5783-bd84-45d69d04b76b,opening_hours,"""Closes soon 12 am · Opens 12 pm Sa"""
a8fa8a82-d5c9-50d1-906f-57d773288c3e,8edb8704-90a9-5783-bd84-45d69d04b76b,service_options,"""Dine-in, Takeaway, Delivery"""
9a4bc945-6425-59fb-8720-7d767029d072,b2c2bf55-97b5-5e9c-960a-bc7945b1bc26,category,"""Fast Food"""
436deaed-17e0-583a-af0f-7446cb67d64c,b2c2bf55-97b5-5e9c-960a-bc7945b1bc26,opening_hours,"""Closed Opens 11 am Sat"""
d493f6f8-0d1b-54fe-a025-16881345e923,b2c2bf55-97b5-5e9c-960a-bc7945b1bc26,service_options,"""Dine-in, Takeaway, No-contact delivery"""
871784a5-d8b2-53c2-b621-1f188ac4cb34,b2c2bf55-97b5-5e9c-960a-bc7945b1bc26,price_range,"""৳200–1,200"""
8aa19f96-043a-5c5e-bb71-976a09b2fc80,6321d715-7961-5416-a0ac-16cd233488ad,category,"""Restaurant"""
2b99e272-780a-5afa-a738-1e5a1649eb0b,6321d715-7961-5416-a0ac-16cd233488ad,opening_hours,"""Closes soon 12 am · Opens 11 am Sa"""
23bf10e4-9096-5519-8979-a674a964985c,6321d715-7961-5416-a0ac-16cd233488ad,service_options,"""Dine-in, Kerbside pickup, No-contact delivery"""
070eda82-5d86-5038-bdb9-334a4d57e750,6321d715-7961-5416-a0ac-16cd233488ad,price_range,"""৳200–400"""
bd9bcd47-11e3-5fb5-bf61-0f7ff1096012,c430db4d-21d5-555d-a76d-df1b870f4db6,category,"""Coffee shop"""
bb51f3fe-7678-5733-b1e8-2a9c566b65ee,c430db4d-21d5-555d-a76d-df1b870f4db6,opening_hours,"""Closed Opens 8 am Sat"""
82f384fc-731e-5b9a-93cd-36d3b1de8f70,c430db4d-21d5-555d-a76d-df1b870f4db6,service_options,"""Dine-in, Drive-through, No-contact delivery"""
2b5122a5-31f7-5308-a5e1-03c8910decd0,c430db4d-21d5-555d-a76d-df1b870f4db6,price_range,"""৳200–1,000"""
6781aa31-7b1c-5e66-8782-55c3a51c9955,3de02aee-b41a-51af-a68e-28aa5533682f,category,"""Restaurant"""
600b886c-2050-5157-afbd-5bc976c47a9a,3de02aee-b41a-51af-a68e-28aa5533682f,opening_hours,"""Closes soon 12 am · Opens 12 pm Sa"""
0c85b581-6bfc-5eea-b635-2e2b86fe6a6e,3de02aee-b41a-51af-a68e-28aa5533682f,service_options,"""Dine-in, Takeaway, No-contact delivery"""
51954d92-900f-53c3-8dea-2b4259c0fe98,3de02aee-b41a-51af-a68e-28aa5533682f,price_range,"""৳2,000+"""
95f912a3-8b88-59d5-b3d7-5fbb1b0c5fde,c9db7622-6e78-523d-b56b-56ebf5a392d1,category,"""Chinese"""
329d7eea-2db2-51da-a19b-0c7bf6987770,c9db7622-6e78-523d-b56b-56ebf5a392d1,opening_hours,"""Closed Opens 12 pm Sat"""
f1975bcf-1478-5789-8898-56e463221f3a,c9db7622-6e78-523d-b56b-56ebf5a392d1,service_options,"""Dine-in, Drive-through, No-contact delivery"""
023a9359-96ee-5195-9dbc-8c3b9a3dd65f,c9db7622-6e78-523d-b56b-56ebf5a392d1,price_range,"""৳2,000+"""
2e4f3aa7-699e-5523-add2-f41dfebef3ee,16c6c3ee-70ef-548e-9d08-eadb08b74a57,category,"""Restaurant"""
8bedcb3a-b806-55b9-a09d-a763670d6ad6,16c6c3ee-70ef-548e-9d08-eadb08b74a57,opening_hours,"""Closed Opens 11 am Sat"""
c923d7c3-d9a2-5341-bcd3-374bcd2371bd,16c6c3ee-70ef-548e-9d08-eadb08b74a57,service_options,"""Dine-in, Drive-through, No-contact delivery"""
91577acd-6521-5724-b32e-e198f6b697a7,16c6c3ee-70ef-548e-9d08-eadb08b74a57,price_range,"""৳400–1,600"""
63b462be-4945-579a-8aa2-d1d55788f016,162f44e2-9a74-5c72-aabe-303d4c675712,category,"""Restaurant"""
10ef4bfd-96ad-5025-be1f-a4000988aee0,162f44e2-9a74-5c72-aabe-303d4c675712,opening_hours,"""Closed Opens 11 am Sat"""
68907472-0493-5542-a668-6d7321a3cf4c,162f44e2-9a74-5c72-aabe-303d4c675712,service_options,"""Dine-in, Takeaway, Delivery"""
04edf361-752d-5c72-977b-0b013927e720,162f44e2-9a74-5c72-aabe-303d4c675712,price_range,"""৳2,000+"""
e7d26b8a-4dee-57a6-a578-d7c142a40725,2886b6e5-ad71-5479-822b-007145d3e65c,category,"""Turkish"""
8ec41942-6049-5e57-bb2d-1dec594bcba5,2886b6e5-ad71-5479-822b-007145d3e65c,opening_hours,"""Closed Opens 12 pm Sat"""
38f03ade-5baf-57ca-b7ec-5775cba9aada,2886b6e5-ad71-5479-822b-007145d3e65c,service_options,"""Dine-in, Takeaway, Delivery"""
737830d1-6d7d-5fb6-ab73-2691e1123889,2886b6e5-ad71-5479-822b-007145d3e65c,price_range,"""৳400–1,600"""