id,restaurant_id,image_url,source,status
3b2cb211-cce1-5edd-9e86-1bd3d506ba60,c435dc89-9e5f-5ca4-938f-988210be1b34,https://lh3.googleusercontent.com/gps-cs-s/AHRPTWmuVFAvusZMfmgxw9HhTTuj_W7FB-Sey4qJSOoQ4iKUrrhCogCksviBDKGsFA85snhrOHW1Jj8ylEHknUo_Y04xJaroM7TMGseg57bF3iJ0AsIOaJwr8eqFdD6xrCngxX7rEFe0GA=w122-h92-k-no,GOOGLE,PENDING
16a26e47-1c3e-5cd7-adaf-4d6eb6ee8388,63bd3b08-6d35-5912-9843-cdbdf8b89cce,https://lh3.googleusercontent.com/gps-cs-s/AHRPTWlYVowGmtAu1KbNCvmEG9WrQiFRfHUwTRq92KrVoJgLRuPAFS_JKn1DSMRWL_4ih-qnLrVZqbCylOLKR5O8Ou0kZWKMkcYXZiXBzJynKVBpDInF9n7d0WaigGVNTAD2dFdHETHT3s2WSh0=w122-h92-k-no,GOOGLE,PENDING
7d943ea5-645c-54ca-946f-81fbb54b82e7,2c46084e-f69b-59be-81a8-fe8470bc1fdf,https://lh3.googleusercontent.com/gps-cs-s/AHRPTWmWm8VuDKiEDm_opPf7jb6ZHU2DuEbXakW5u0yWMlqdOpCJm5rKMY_BeB-7jcmebt3a7BGrs5XcNS4mkTzfyEQHFfLVLS5xbi9oa7HuTNN7McPcKCb4WZPl2uPdFdd9vZF41sRQ4A=w122-h92-k-no,GOOGLE,PENDING
e28ef96f-0b8a-59ad-b76b-0dc7b900de26,38c9dda3-5649-572e-b911-7a171e9e9cd2,https://lh3.googleusercontent.com/gps-cs-s/AHRPTWnPeASy2l0eDKcA8ZYYtp7MhdkuJT0TbeBSgr0dL75XEtno7QCNDVB9zxXk2ZAySuq0JkKMCshWgASCjyBnJwWdF6vlVEYig-1PXbG9U2lnyq3WdQQ29pBVBiE82opOCGpxN3xuLA=w80-h106-k-no,GOOGLE,PENDING
55960998-de7e-51ed-8f9b-239f324909e9,9ae6c9a6-69bc-501c-b6b3-e51bcb4b1e0a,https://lh3.googleusercontent.com/gps-cs-s/AHRPTWmxam0ZcIKEqP6k62V6Kt6_JVVKSn-_-jJRzF8_xq3BhOOQCxmIE9F6qHPiyM102sddCnRfiXVsWYJh0oKXpzq9Y48qKFCA2kFAI4g0uopG6H-ulJYGiAfM3SAnzGOww_lWdjzn1A=w122-h92-k-no,GOOGLE,PENDING
3d98f883-4931-5e3f-8a7e-9d6aefced4dd,27d8dee1-daa3-5431-8f9b-9c96b4d3a5a6,https://lh3.googleusercontent.com/gps-cs-s/AHRPTWmDKJlFVzvDvNB5MMoOYB4eLUiHOg1ZM4j6EA0NFzZTtScfX_CxQ_whur7t3rkRLzHhcA0eprKpNoGXFjBZCAJ2sS8ivT2mC70_5OGuRCgnnPTgRj_tUTs6nEcsquZMVR0cz_gzAPikI0Dt=w80-h106-k-no,GOOGLE,PENDING
84a3d5c1-9a82-568b-bd61-dcd2c51e0a26,6f74590f-8a56-504b-9944-3b02773c3991,https://lh3.googleusercontent.com/gps-cs-s/AHRPTWmi7jp9oUJ7CbGXPqrlHCeAYy8WbALT_1j4zG6RSuXywHmDMrDmG07pAwVd22a6D3FwNOWU7i6iLs3x8jmAk1Kip0arJJn_kMia4PqavnrMP7_GqWcHv1PrUnLjFIRQHy801Yi9Suk2K0Dr=w125-h92-k-no,GOOGLE,PENDING
0f1c6469-ee81-5a49-85b1-48c83c307f8f,c7ecf395-bd66-58c6-a89b-be6a9043f2c4,https://lh3.googleusercontent.com/gps-cs-s/AHRPTWkF-CoruvzpqjV1UC-bZaeBJ8qxMELTO45YfTpEc8x5DhpfIKK5wWmtVVMzpNRLOBWEPxsi4ptpt5b57KUAop_CDXboRgCub1q7KD8OhqMhNOypuaDE1tgibT8Vx7PWujIj3o5-Fw=w114-h92-k-no,GOOGLE,PENDING
4e334230-66c3-5a0e-a62b-89a545825558,42e1385f-ad7c-5b54-8460-04616070e3ea,https://lh3.googleusercontent.com/gps-cs-s/AHRPTWmGeu3DIPJs4GL0KZGZxCT4b1l9hj8bezFiIwjAOIgqifQEpdoHLyjdjzDW4JrIImOBYTeaqXRpPRwwPnT11d1-SE3ke5Ub6LCYKSGjXaCbURztu4eQFmkEPH8-oUDLmwPXMYxpvw=w122-h92-k-no,GOOGLE,PENDING
d8359ea6-cfd3-5675-bf01-1fafce3510e8,a62b6af6-5c1d-5787-aa2d-ff066a40d3fb,https://lh3.googleusercontent.com/gps-cs-s/AHRPTWn0iIhbsr47xUAeh4zmUtzT-dVKxBrkXvMIqLPuqwEpaogHEeeFJCaKbT7AZhn7hMKdn7K4A8J4H6PSvJnr2G5g8DFFtSmBrh1EAVawXhUmZ-dhRaUW8wTV5jgEt0hai4MjZpw=w204-h92-k-no,GOOGLE,PENDING
fc104c53-3111-5df9-8beb-ca796c75c949,36b90192-41a4-5227-9654-66d0da9d6da7,https://lh3.googleusercontent.com/gps-cs-s/AHRPTWl1JqzwQpekjPX3HIYiWM5S5P9oFK26WDvQKnLZ6PRWoyAeQHy9mTfIV2DBaRzHqoiP6g3nokmg-nuoDwINNQR414NAc1OKf671NQtwdIyjxDFRHwYx59V22XypEnGWJH9vZ44F2Q=w172-h92-k-no,GOOGLE,PENDING
a1a4287f-b0f4-55ee-82ee-09b9ea334731,57781c3a-77b4-540f-8cde-4c92e014f09f,https://lh3.googleusercontent.com/gps-cs-s/AHRPTWk8yTcdwgQyhs5kiOdymAPXp4G8zisiXNXjnG9jb1t_7DDrDYvr1gCslUm2T6TuGndGtCBjaYJDdBbvgpmcS-o4vyGb4CQVcHXwwDkJT8seoUaoXrfkqjTqropuYDBOzzu1BJrp4w=w122-h92-k-no,GOOGLE,PENDING
7c18d03f-1dd0-51fe-9e12-18eb6bc64ed9,d0b25ef4-a811-5b95-a1b7-06578e0f041e,https://lh3.googleusercontent.com/gps-cs-s/AHRPTWn1gKrBzml1CwIHvBK9OtgTfEfFo2Zmpa1jCot4fiEdEcsQT6kCxUE4vObtJ8wRH-1U1MS7-LcyeXr4MwUzTQL1t8c4iuKwhOl8uoCq8ZEtHQvHbRxHUJjIJgoooXmumRMLY_l8=w163-h92-k-no,GOOGLE,PENDING
803c5fc2-a06e-5fa3-b4d9-4b08bfe38475,2bd4ad9f-f190-5427-8fc9-80dea32030f8,https://lh3.googleusercontent.com/gps-cs-s/AHRPTWlBwAcomN22-ige2kr9u0ysLtf007eIlusd0gcvy0dPHm7Z0eLs0j9GlSb_E6Dsql4Tq1Oozndl3flmv1dWxA60xzAbAsAnDsUN-KcVPsTvDY8J7AoczuAZR7gT9DmrA93E7kXgbQ=w122-h92-k-no,GOOGLE,PENDING
7938d102-7eb9-548e-b31e-814d18d533e7,9bad97a8-0891-5f53-a6a8-29bad7786630,https://lh3.googleusercontent.com/gps-cs-s/AHRPTWkl6LpxZPy6rfNT0rbZ1CX0w6M_oKGhpjwj4WcbfRWI_gJuS6BXSGpPQucup8rPtPjALTcIQWo2-bXfAgWCW9HvUJHspOuUutYHJ8GhP8Jp_dp0vYhfMXOH84kcInkHw0CzDnZ-=w163-h92-k-no,GOOGLE,PENDING
03922d4d-b874-5bb3-ab34-c8b546da6917,840273ea-116b-57ea-81a4-97587663fa89,https://lh3.googleusercontent.com/gps-cs-s/AHRPTWmL8ugOO-1Mg7abqV6mmXwBD5EkXadsvEzSdkX58H7kcmpOzGeGgTioI9ZBmnj5_hQgh4CpLxIlEBFL9Rd9dZ0uWd6NhMo-UPHdzrwc6rHY_W5p3modgGNqAgoVnUjX2Uc09aI=w122-h92-k-no,GOOGLE,PENDING
fd7c3070-e616-50cc-aff7-422992ba5785,0b1cf7c8-02ba-5c06-9313-724350516f70,https://lh3.googleusercontent.com/gps-cs-s/AHRPTWkSqpFmh5BKVIH-qxXotJdheR8yx_VQijle4adseYhn2IPd-8x5Vk9cMnAPUnbKaNjs9eiKQk8b5fd7qMhfROZ9pyazJ4yD2cPNKQ3FzXuoWwzbXVHErJXYEps4PW0KUQJ98lo=w122-h92-k-no,GOOGLE,PENDING
469a088d-750e-5cb3-b554-55239a738020,d3dfc267-34d8-5740-a514-2ffb7629a576,https://lh3.googleusercontent.com/gps-cs-s/AHRPTWkIg03ERCWY2lD0S9vCzh84eb4vcN0N_B9u8mBmXOX3lDE0rZ7DbBuXBI9YDN7btPB0X8E4vfIAndT33DQXW_fx4EOL9O4XYLCXLjlDPN4inQXEehSl_bg-1_WG9Sku5GF-GSg=w122-h92-k-no,GOOGLE,PENDING
920246c5-8a50-56ac-8f72-c564c02e5a43,1d8a3b83-b5a3-5ff6-b517-d033a1b226e7,https://lh3.googleusercontent.com/gps-cs-s/AHRPTWl4pU8nPg5DcaJTLxHM9cALr-bfEKr0TM57leVOy8r3cGujafyuugRoHMonRaf1s4gA5RcuUJ9v1aPNaHNt2Ot8k-hiJOpw4MsYOsYNMPuCToORM8hWw1UwagvjJVtEUIK1V8ya=w122-h92-k-no,GOOGLE,PENDING
3c6f66e7-9c62-5b1a-b8c1-96ea7fbcc850,9ea2591f-6aea-5b80-9c0e-f72a9fbd52f6,https://lh3.googleusercontent.com/gps-cs-s/AHRPTWm4oiao2kH2eCLtLKJlKQkpBlwFIC_y3b2apQZuBuitywLRK8kTvX-t8R95k7shddYA-J_8Firgd1qSuODdNtFRvnnLwkYOF0WrpbxOdNaYNyCz1_RkuLp-RI6OZbUj1PxANdvv=w80-h106-k-no,GOOGLE,PENDING
aa6a292f-d1a9-5e62-bb79-6b0984c8e1d6,c59e5468-752a-55d7-bd6a-3b2d6a3196b2,https://lh3.googleusercontent.com/gps-cs-s/AHRPTWmE2IN6_Vrn0BTumBDTNI7JN4KF9XVe0cP2wmu6yZ9lw8Ri9UKQNJONLyi4fiJp_AfHa7egHea5La5uc5HFuY8_ZLx7zC_dT-MUULHbFdsjzED_7VwXXe2xzsnkUXrBNHup9I3nLQ=w122-h92-k-no,GOOGLE,PENDING
770301d5-147e-53aa-adf8-a35ac371d53a,4f462e7b-b3bc-5d0b-aa20-3ad08d0597dd,https://lh3.googleusercontent.com/gps-cs-s/AHRPTWnGWpw6b2PnKxSi1t63fqU-fBBcm5QHwu5SjvNRoitzEeqvsELgpluGYkHpF9Mf24DwC8wuQYaU-C6kKuwzQ1JbJE-e62r876T7iQSVf5JzBDE3ETFSUJedSgO5R_wYALiHqVF6GA=w122-h92-k-no,GOOGLE,PENDING
46097461-dbdb-57d7-8f76-abfb283dfe05,177c1e5f-f576-5f89-9ec2-e6149f4c4ab2,https://lh3.googleusercontent.com/gps-cs-s/AHRPTWnQK5thqXEp1njVWbcKgfzFG9PFXDc8Wy0mc20DbSStxf_oTe_Nhji7RPDz0eu0M1TIYjT5Eap6mGykMMC6eQgg_wyGIh2V1nBh3X-QE_bRcV3xOMmancvEfe1Pa5Ek0TlyOFnu=w80-h106-k-no,GOOGLE,PENDING
98e30d0e-7591-5c5c-9be8-22ac7c30fa42,9244a314-7524-533b-8563-201a539a87f3,https://lh3.googleusercontent.com/gps-cs-s/AHRPTWlYRmecd08bGVzNyatxK_NrN7XKz6fIdIJFvDCholGUFPvpqNyxZj9PZl5UMIVUVv4NJMnqbrzH2iXw2ZAVuRQzfic9EnRIcmlUj6z1ev6BdPP_1yR846dRcwq3vy6lFs_6Knp6=w122-h92-k-no,GOOGLE,PENDING
944f1efa-ec7d-5c3e-9599-76a926f3627c,3789498f-d919-5734-8944-234ce5f67152,https://lh3.googleusercontent.com/gps-cs-s/AHRPTWkfK5OUYJn2QqHwhCwwCTV7tFAXVLEBrq0rSCEDXvMHAJlgIedFknt3I7eXKGuMxZLjTPHHFn32vWAYVB-evlFd5cO-BOR7u1gSWaSTR8FjcJrDv_hoH1nEKYLOpnal9GMUeU7K=w122-h92-k-no,GOOGLE,PENDING
d157ab15-6c1c-5775-b800-932856b3ffe0,1d0b152e-ccf2-5e4f-864d-ef15cb32d834,https://lh3.googleusercontent.com/gps-cs-s/AHRPTWkf6RDxBky8Ryyec5hqoFRTACpgbk7AC81Ie8Hy-FaKqTJEM7ILBWyHh1gypKIlGPre6wwtVsR710cF0dhw9sgxOJwaR-5iaL8ryk72n_VzJr3PcIiu6roSbn9NfdrPAIqHQbJHrg=w163-h92-k-no,GOOGLE,PENDING
f43af9de-8368-5b08-a04b-68090524dbae,49de3cae-decb-55aa-907f-40f3509387ce,https://lh3.googleusercontent.com/gps-cs-s/AHRPTWmwYb-PGcba_rXrrsjNuKJbWQWYopTUwvKS8lh82y-kEKyc-MYobDDbB2NKYfDpnIgr37-sTC0X2NU9FgLGSmycjstzSe1wJ46i2vjF_gRiOye1qqvVR0lRrMo7IiT5RGb4VEHYcg=w149-h92-k-no,GOOGLE,PENDING
58751978-1b89-504c-94be-93ca4a0b6413,186d68dd-032e-5679-ad93-749ab57f9cf0,https://lh3.googleusercontent.com/gps-cs-s/AHRPTWlzn_zL4tcIl2rMgAEcLGfbKqV4sgBE2WPsMjKPIPEK4mqbC6B8Rx8CjkTtI2ssQmag94SZPDJ8Q8i7ye1m5w3x75T6O06NJVDHsbO8a_vCNLu1kJ6x5wiT2pqWxLOwsWzyN3nk=w138-h92-k-no,GOOGLE,PENDING
5a62cf70-edcd-507a-ac73-276334c93539,b1243ac5-1860-5bfc-8abc-4ebb4623d03f,https://lh3.googleusercontent.com/gps-cs-s/AHRPTWkInM7Tu1tikCZbiyyy3UAkJ95jAS5Gf1DG7t8WwMWuj3B-TraxlUunClZeSqHofMiXYhMkfJ9W6i20nl_Ezfqsk6OULgn2OSMshq_HNhGFLyteW10yhxn9FPIwWrJJUFWbBQNi=w122-h92-k-no,GOOGLE,PENDING
a64930ee-58cc-5da6-a6cd-21bd6a1edd61,e748bc7e-2237-5536-b7e3-ad17a1663a5a,https://lh3.googleusercontent.com/gps-cs-s/AHRPTWkNiB_r7il2wvN3AyaWq8y53uENCMR42aPK7JIte4qkcEgQAsI4Ok9NA1kA4CHjubG-XOUjzs9_VtjbeS_55-dJ4H5vTzhlGIDl58JXypMo-SYV3pQLdgvDsW5syunB8AypmI_Q0Vqobt3L=w163-h92-k-no,GOOGLE,PENDING
86f3c6f9-0c70-5400-bd11-447d499bdd3a,68f148d6-1067-573f-9979-d61a226da4ee,https://lh3.googleusercontent.com/gps-cs-s/AHRPTWkNwlCQ_XuTEaUpVXFpMVdNe2K13xvSZfTY6oW05l-uCU6XasB7z05clch2iRN0deTdEJpLV_XhsIvYRDlSOeU6jyCkz83hbBkdKS1LNtvHNiwjuGW-pgB2TFFdyU0NEzEgecPUJg=w122-h92-k-no,GOOGLE,PENDING
cd66193a-fd0a-5e7c-956e-17808cba8afe,9554a37c-8507-54b5-a385-86296393edfb,https://lh3.googleusercontent.com/gps-cs-s/AHRPTWnur-gLJ1y8zQXjvunK3IrfaljhtMGJNVB02XS5_FvZo3t9c3E5RICFuAsqAiX55as-7KLLAyiMKJebyNkVApT1-V-eaweiUsZWtaKwgv-XEQ69yQvVtTicOunsgJwZkMwMM9A=w122-h92-k-no,GOOGLE,PENDING
38e87f70-62af-5f1c-a1e7-72968f56d060,00eaab53-9d6b-5c06-9e8c-88f622dc7644,https://lh3.googleusercontent.com/gps-cs-s/AHRPTWlUmKvgki4UtJd3DJK7VYabccHDV5P-6bijruoj677Pyofv5-6N5tkE7LYGwJ2l6ezMJFncUOFgSah2nBxcfx2e5WqVc-9zZMUfj4sO7EuG1K-NC1wLthxIlOMaZZ2xCkeNCCrjew=w122-h92-k-no,GOOGLE,PENDING
b9981c12-4b27-5e77-a858-e467075884bb,7884d497-dc02-5e3e-91e1-67579348296e,https://lh3.googleusercontent.com/gps-cs-s/AHRPTWmClXLvxkkkwLxB4Ov4j1zuDqB42VQvde187ddw-4DC24_dYldw-skn0zs3yZtHQEF4On6E1DZXOJkV3-juEN3qqM9DiAN6KTYfZsaa0dEBrS6p2vFnAH7SJEt4aLQH4Pi2ZXiB=w122-h92-k-no,GOOGLE,PENDING
1701352c-5130-5a91-b48b-d37e202ab345,52ddccee-63db-57bb-8171-194f082d52f6,https://lh3.googleusercontent.com/gps-cs-s/AHRPTWnWEaUnG11rYX-idrKakzlAI-hFCfN6lV_blIcfbnT-i4rZnh10L48fZ1UllDYQmsWoeXP_Y4J82WPQ-5GAOWm9hWfc_-eIb0wyReSZEPNgCxrik7erdt3PhiVg2hoNhse_eZ1t1DCn_UGN=w199-h92-k-no,GOOGLE,PENDING
f595b1be-5b77-51ff-8218-6a1b3ec91560,207559cc-a5c9-5da9-94e3-cc1c43acdc79,https://lh3.googleusercontent.com/gps-cs-s/AHRPTWngUg1WoWlOYkR6Je6tIAw6CB9on2hXfRdQbOp64cG2I3JTrvC0n1ACyD7RXtN-YIGTHapVpHUvKUd2kEgHNGMwo2f9rr1ksLjxHq_g7PtswG3_R44dVtqNxV192danssIlE4aM=w122-h92-k-no,GOOGLE,PENDING
d7d34f29-b149-5f75-b79c-93e5708fca93,e58656a0-d9bd-589f-9d02-8be2b7ea6587,https://lh3.googleusercontent.com/gps-cs-s/AHRPTWlKQ60a-5HGD8Mlh63qADUHIprmx0AMCQoyvoB2ScT8ee3nhk0DKNoeWACfTjwVk7GdRKE6uH9j9ejw7WjStPoQRWJxRJsxkXluxwpO9nFsGE65WTl8_qstJLi7rdXTEXNvRmnk=w115-h92-k-no,GOOGLE,PENDING
42fa5406-3a9c-5ded-9b1f-8b657c0880cf,d55c2384-4405-59ac-beee-8d7e63c94114,https://lh3.googleusercontent.com/gps-cs-s/AHRPTWmwoOtFEhqHqzm7mjEFVJj4w2tlRaRJOgfmAaWj91S-y0QxZpp5S79yt433L_8nbgXsLjB9vBH2iRI9KvCIfuaersBNmKTvAMvEtIKOwp0CT-Idij9xZCbnM_7heIcMKpLptDIj=w204-h92-k-no,GOOGLE,PENDING
36ad219c-c966-5bc9-8cef-a0e9e5915dce,bfb00a92-aaa9-5e08-aebe-ccc548b77657,https://lh3.googleusercontent.com/gps-cs-s/AHRPTWkeD4ngkoKKF7RKUeNVJW2nMAnqKOxV3Mnue9SquqLJDT6Ls6CV17AjPgAFIeMvxE2hL0ckGUIe1gizhMLV4am-gC6vJt4Ew1Eaz_drNk9E8MkgNlQHo13Zx33R68S7XR_YRoJI9g=w194-h92-k-no,GOOGLE,PENDING
91b415c9-ae6b-57f4-bdd0-4ecaada0f745,4100f474-3c1a-5171-85a1-a20c3cb12781,https://lh3.googleusercontent.com/gps-cs-s/AHRPTWkPbUpMHTtHhxPtzpTRHiV70zHg5WyAz6utXPvA8aFEvvLuoCcyqm_Hx7nem_hUNLz604rOSE1BKrbeBCi1HzdswhGs_LD9BDbJYbO1tcYF5avfppmLT7OGLydgvxm5raRZAqwdzQ=w122-h92-k-no,GOOGLE,PENDING
edf91461-635c-5f33-96a3-a1b00f507eec,f86d614d-8114-56c8-983d-e39bfbceeb1e,https://lh3.googleusercontent.com/gps-cs-s/AHRPTWkfOqKRY_TEKzxERIOSGYE5n427WN6912X0BuetPBzKOG1ql9GkbYpzVN_X1KajaqQ_dsgnSpEevyK_thVS-rAwUqyNnkYxRUzri5HrEmIu7qm8nYaaskbrwcNcuBwhJTMbYHkF=w122-h92-k-no,GOOGLE,PENDING
f6995900-8670-5323-86db-79f1a0725d3e,9d409c56-accf-56bc-b76a-848dad9c48b8,https://lh3.googleusercontent.com/gps-cs-s/AHRPTWk7iB3uoNVZcPYNNiIYJP3y8-CkoxqYsMs3cv4d3A-zili1w_qZmRyQxaWd8Kv4eVC5DOmF-9AQEhMANOALyhKigtXjAfDEeCzW7eXieuN2qW6kyvwJxfPwAlUoCCChwe6YZ3iZso_VANY=w80-h106-k-no,GOOGLE,PENDING
edd7291f-3628-523c-887a-ee8479c05fa4,52fee692-d278-5a3a-bc33-8ae60a821e66,https://lh3.googleusercontent.com/gps-cs-s/AHRPTWmXol1ri1OWVWS03A_s0Z3xUrHKEW9wgnZXsGO1hwTku-zVfaxFzVMwhczOfv7T8oACF1mhrPMyyQzEgUKTh65cu54xANXpS6CjW7_MxdqrsKEL8UDhFatLR8LuLflcsS66G5Vj=w122-h92-k-no,GOOGLE,PENDING
02fa1b1f-d314-5563-9847-6ad4167b662e,b7ab925a-9d7d-5a6c-b0da-8c811602cfab,https://lh3.googleusercontent.com/gps-cs-s/AHRPTWnURmoB_pdZdAesqcYM4_yyibXqU85aEKgp3CkhMpbngNk4K3oBN9Zl1Lk2to8Bwwqp6ecvy2mxVBip9hcez9po15YEt-oP8qurPamwXYg3dSOkV8oPV6Kr4h9-AehOjCDs15hoZA=w138-h92-k-no,GOOGLE,PENDING
5450f163-4e61-51fa-a05f-50a83e3a4368,2329c62b-772b-5287-810e-08988bcaef4b,https://lh3.googleusercontent.com/gps-cs-s/AHRPTWlovTINtOj-Jl_pCbZwXWg1a2NrI47k43KSwhy1d4XXn2VoYA1N-NmU2JGEwt1qDNPWQjV4BM8CR5Ib8gvhepoMiTqApfFRu-9zlb7xfc3qgh9A5uw3RVmhjynAUIWpBio46mFW=w122-h92-k-no,GOOGLE,PENDING
8a05cad6-bbd7-5ffe-a80b-955865ef27e1,de672a3e-c8a5-5a71-b301-cdf8fb87330f,https://lh3.googleusercontent.com/gps-cs-s/AHRPTWln6apeRQn5U_VSg9YQZsLdaiOd6bydx2UsdhfDh-kTRjPhwT-wa-uVzntL6vWO2AmQnG1HHX91Fg9ToH4RKijRwFUmuDDa7suRInoLjVfuQGiCoOKMduZdXf-KejQycqCdQ2XE=w122-h92-k-no,GOOGLE,PENDING
0eab315e-1776-501d-a367-5d4ea9a884d7,f059c0a5-cade-5b20-a596-c399d4b49813,https://lh3.googleusercontent.com/gps-cs-s/AHRPTWmQMrk9aVZFen4zjI3ieTO_5dI8qYwfa_MFTRGYzUFyNYat0W4354OQ3eYG3v8ccHt7bLSljtBzMsSXcygW-jKIRj8bnBMnaQPkXZZSH9O-lCuCTslC6kkE1GX8POizCgGHelWQ=w122-h92-k-no,GOOGLE,PENDING
3475933c-32a1-5edb-b56c-9ecc52198f13,b8c18aa8-60a4-53ea-b462-9f463ca2c2a1,https://lh3.googleusercontent.com/gps-cs-s/AHRPTWkVVABsq9J1vcQCbGL-PSSKpuqaxiL3X9xhl6ZWXinIq69lDV3UR1REts5FE6NBlWSralYkBm3khkC0qNccFM2pYcd_Y1A3eqA0CSiuj5ppRQzfCMPcBqlgPTPhQwzntHeNPSu4=w122-h92-k-no,GOOGLE,PENDING
e452587c-b05b-5935-8f4e-a7c1f6c062b0,c87fd255-b85c-5ddf-a325-8301634f3814,https://lh3.googleusercontent.com/gps-cs-s/AHRPTWlpRTenqSfOW8LHqGnHi806ofKv5W2LQyTPcttjRexaj1SR5yfxSLbQGX7hQLaPuZ5nXATGbg6Q_HLvmxyZHRTGqWA-ZIcMQT0krbpQ1qVM6ixbpNWqnAngKM_8v6scKOhQ1FVY=w138-h92-k-no,GOOGLE,PENDING
b06dd401-c50b-53c9-a108-f5a9e6da0589,9cfe2ef2-222a-520e-81c7-ea8521e2a332,https://lh3.googleusercontent.com/gps-cs-s/AHRPTWnIqofh33kVLHeDbm-ChHVHcAfRNj0jDWDQjK8RFJNnr__SvbZbK3gVrFbnkLrcfFlJE99iQOqQ7yzsknguNZywDs_S7i5B6LqnTFZHx8dIXeexE-DfICRRYLbjPsUaXnQ51vZHcw=w122-h92-k-no,GOOGLE,PENDING
0b4a36a8-022c-5bc0-a014-561884994591,588a5160-43a8-5323-8416-2998fd740271,https://lh3.googleusercontent.com/gps-cs-s/AHRPTWlpa-D8GpeKNKJSAdDAqtW-KnmKO3LDY0HpbaS0XyJoxZaOjeCiYryTKDx0vdnL8KWBdGRwbt9l3lOgEr_2d06gtyjreUjJZ78a6MBL3ymr0rK_JMz6mXiEq79MFGuggbPmlF3KcA=w163-h92-k-no,GOOGLE,PENDING
8ac22478-6e89-54e0-9930-7e76e707e879,b1f40da5-0b84-5477-ac55-70ca4225f180,https://lh3.googleusercontent.com/gps-cs-s/AHRPTWknlyjHS5qa3DRviGjkgYebYjXHbhq_KHhQ33dx4Jp0DYH_Pa_NY7mUNN8tx3bP6c5zwcFO4MhVRTTmBWjuCyyUYtlK_gkSc2yAC6jvfCyJfLYFllJafmf4BRWgZtOQaXY1bvt63iX64FV3=w122-h92-k-no,GOOGLE,PENDING
b34a320a-8eb4-5418-a7f1-c8ba6824c7b2,6ab6baab-270c-5b4a-a0fd-2ff0656618f3,https://lh3.googleusercontent.com/gps-cs-s/AHRPTWktnET0T-eaAj1efbpaVFcHtMPoCZA3JZWbaABtJPaTjJuuaXIoAvilR-ryppImzvn9uABuPb40x15bQhPmCcW1Ta86VbVqQqv5GGGBxL25U_mKDjpSeZvF7Vpzi-2BsJoZEVc99g=w122-h92-k-no,GOOGLE,PENDING
17ebfe1e-e118-5ccf-85a8-2d1ae0bd4dfd,aaf7773d-2dfd-54c1-b7cd-4c82c5199974,https://lh3.googleusercontent.com/gps-cs-s/AHRPTWlsD7J303pUSduGJ6BQxj7vXvrsfvGbFNo87ROiXxheWv42QWTBauGUQzDZKMszMWzd4DjpgcAI5y6saGRqme5ItVLFcQuGX9OE0nIcVsNOgCjOd8sZ5WasPFpLGlvphAODF5HB=w122-h92-k-no,GOOGLE,PENDING
447e7958-1c58-518a-977d-d823e0a7d508,bc93c7b0-2d41-5a4d-9c6d-6f3eb6615f02,https://lh3.googleusercontent.com/gps-cs-s/AHRPTWmn94_7MuGauTHTocxUbumXzbpksnqpyZXkzepzFA1gMwUk8h49lrWVC2MTCXbyEmp5BbITTblki6d0VWxVUKB79WrDDOVwCstfK_3GDBpslwAjnYSGW15wZdD-b4djJtH-3QdRwA=w122-h92-k-no,GOOGLE,PENDING
3c67a60e-c017-5101-b46d-5f05f973822a,9fca1e6e-2b53-5e0e-91cd-5da7a76a7113,https://lh3.googleusercontent.com/gps-cs-s/AHRPTWlG4Zw0jlN0KW8M7ZTDWdk3qRxHSLIr8VO0s_eJPdH8xRVqKDkWopYcP5Qd61afeJtv5XRLElXJfwXu7Hxrn4cKAhBQH9fJeLpvpLZcb9jjjtUl89HVfI1bJnVEF5rgIaGT3Benkv22dDLm=w163-h92-k-no,GOOGLE,PENDING
7c46b9a2-7864-5a58-8f90-6c45a3cd11a2,6fcb5fe5-8c6c-5029-9166-1c9747a8783f,https://lh3.googleusercontent.com/gps-cs-s/AHRPTWmbU6s2kTqqFKXG0UvbS6y2rQYIWYld9emZHDsTRW91Jw6y9actUo1GGlp55-cGu0ifBsd99RK-13cDCHnF-pRM27L480HPIqsKIMGNGiRLwy1YWtsceRNqOhVOJWvl4-BOByHo=w122-h92-k-no,GOOGLE,PENDING
5c85da61-767b-5c74-a56a-49ce3ed60492,3e9c9cff-9835-5cd7-9293-fb86a4c8c68b,https://lh3.googleusercontent.com/gps-cs-s/AHRPTWl2ELPazMvrHZW-oVf-LaicTrgfYh18zPs7_dwOJQs_P96mfrxo_O5Zn7twKdOax16FlORo_Fs1-2-DpxmqaudwcTTg0SvsLyGZnWGa_He3IJn-8zEOZBUR-azf3XahwZC-NI2mVQ=w163-h92-k-no,GOOGLE,PENDING
a904900a-e851-5607-b3a2-b952be6222e2,4a6c85a5-8cf0-582a-883d-e670ac85be33,https://lh3.googleusercontent.com/gps-cs-s/AHRPTWn8cTMDKI1VBarjSEv6LPtMcKYJFtIbpJQ42J8gtT-h_v9kuBtXUS4-qrhJiKXqTxX3Sl_p4dWTUaiJsQP9MATg-Be4RwzcGzJ9Opr1fssp3lfJNMK-E1FaqcY_YqgQGW6C7_YAlA=w122-h92-k-no,GOOGLE,PENDING
c1d29687-4ba1-5f5b-814e-47cd42732921,1d35a2be-0961-51e8-8c4a-ffdb4f5e1d6e,https://lh3.googleusercontent.com/gps-cs-s/AHRPTWlUUgXx3wsBYXjcotXEV9lRDGUjQIC_3P2pNUWAL-p9l8SMlaKwMx80oD1g9jq_eiLKbPwdsA5VnsYTc3ADP4MDgNC1-5PvW1p7ynlscYJ7rtBwJ13T5yD0BCKZgFH16g0dmYW0=w138-h92-k-no,GOOGLE,PENDING
51634f2f-e4a0-58cd-bb0d-974debfca0c8,0583c5ea-421e-5714-bb19-15782aec20d5,https://lh3.googleusercontent.com/gps-cs-s/AHRPTWkdUYNMXnH5fSDJeKKfdIL5WUA8_OJPlAyXIgVvT8YbQ4MoH3Lnf_7AvCd0YP_jw5IV8neeC8PZieJnJiBJno6dxCiSPz246Y7cahFYdoEcMLcwRRnVePT-ul6kE2cql1fC8HpR-4NgpPzf=w80-h106-k-no,GOOGLE,PENDING
b2c97ce3-a927-5a59-bdcb-f2c3b0b12ac9,f32ee566-dd5b-5c18-b951-fd9e76319323,https://lh3.googleusercontent.com/gps-cs-s/AHRPTWnh_5qMfdXKZeBrlP746_9XUG1jY8YVzTFzZ7AQyxxG0S6AcQS1JLfD7lEX30MEw4B0c9iY9S5UbY_9CtJvS_Q1Plgzu6J15bQD8GIIfUOD1VGm3ptM5oo5Sk_k2yUXSjTSAShP=w122-h92-k-no,GOOGLE,PENDING
92d29e44-108f-5dee-82e2-d7fb4920504e,664c711e-30f3-566d-b6dd-a8498b555f74,https://lh3.googleusercontent.com/gps-cs-s/AHRPTWkpuIdwPrbq-ecTCp2xLWf3yjkhwP8y5WzujSOgPaIR_PRNNYc-HmWdByHAKE5abGaY9oOW1TDRy3EYEWtXhxs_cB-CX9Z-5Sz-jo4Ij5W6os6_kWGLn26tgOpFKpcUeuqciG9d=w122-h92-k-no,GOOGLE,PENDING
7490d065-ce3c-5cf5-8d5c-aee5ea3d0d60,3b91bbb8-4ca1-5f53-9be4-16f11c46f98c,https://lh3.googleusercontent.com/gps-cs-s/AHRPTWnBcyYPSkPI6qtl2U0wqE33d5b5pCiltz5wTkFtYA1mvXtdAHWH0CzcGmKoAUQ_U5jo4xUOaXYz3EtwckDE8exXXU18qtsxgX9XQ9qqYp2Dt4xE-wcst809-I-pVYu18XC0eTfWsg=w122-h92-k-no,GOOGLE,PENDING
d97d6284-5434-5f0b-bb99-b1757a2ce312,32e83a3c-82f0-5ee5-8a57-72b9a1f355a4,https://lh3.googleusercontent.com/gps-cs-s/AHRPTWnZQd5kcSUPTfQ5bpVzcQPYzoUgOBBroesuz0m94YGdNHO9oo3cEQbO7CGZd2jPlN6mVrFgqcX5A940HiSO9lNhSCGc8f4z1L-sUGGohDBc_9L8r-gQzIJL2XoycRvGBoQOcSInBA=w122-h92-k-no,GOOGLE,PENDING
e90b7703-473e-54fb-9f31-5275008ab44c,9cc11839-deec-5950-9a45-7aede25a9049,https://lh3.googleusercontent.com/gps-cs-s/AHRPTWl4n4IIJastld_BqHCxYzTEaWmEOCSMak7-GbO9qnkFKYo-RB8ESE5Q7ijBxB2khWx03oeoyXtJc2UQxfk_lzJgBts0-C-m418N_aaowrRkhwXJNwWYS7_0WALvbp9Evrd_IE2X=w122-h92-k-no,GOOGLE,PENDING
00276d83-0ccf-56e9-b6da-a30f99b0464b,35c5cbfb-0408-55d4-bfc7-18f45f8a377d,https://lh3.googleusercontent.com/gps-cs-s/AHRPTWnC28FbJUe1PsGZopsKlYggfQu_hUmQFXNS3sFeNMmtBcju-N9Cfy04IdgxKzvZgYg4PlQjs2-dHLjRsUpkqEL-vf0bjR_alACp_wmBj9phx4ckkDhnqp2Cl0xj_tPDMV8HTjvxE8o54imW=w80-h106-k-no,GOOGLE,PENDING
b2759a31-5471-5cd1-bf50-8752b13a56f4,b2d420fb-a9af-5617-800a-06efc0807d6a,https://lh3.googleusercontent.com/gps-cs-s/AHRPTWmODMPItmhWZprvIyZPgC0wzqj_G621trZStnb6Q7UaYEK6THBWBe56PNcrgDeL8SnMvCXIMMLpJCAArGKLeJJcLBDuT31nSWsKWK942N7VReajoWtAy-eVPffOk0mtMGZLJtp5=w122-h92-k-no,GOOGLE,PENDING
edcbc037-5dae-5ca3-9aa0-042f3540c568,79fd05c6-b586-52fd-ac85-f6f18e6a8cc7,https://lh3.googleusercontent.com/gps-cs-s/AHRPTWn7wYL--NJNjPD0at3qGtglR_mBieA5rjIltNNROpm_86zpWl4mdMr4FwKej-h1C0MN-B1GlSAuf6CtuxUxgwGjwOKRbabaGjluSenguTnVHh9cTeGPxOb3ZBNLBTyd-ebP0XoXzg=w122-h92-k-no,GOOGLE,PENDING
aa23845d-b11c-558d-bd43-b2776df5ac1d,6c28069e-03ed-5fe9-bb4b-e6b5828d4407,https://lh3.googleusercontent.com/gps-cs-s/AHRPTWkKRer_O1mqkkL9G75jWqAF01X9zdm154xqkDWjeYGC-E_aQ5aENt_HbPqx3OfR3Ck4QUtahZjju6k40cp8XY1vg_bezJAHLrPyWZvhJNszIH5nexB1pAw0lW9S3YVAXNFVtBsr=w122-h92-k-no,GOOGLE,PENDING
f4306672-d479-5f30-ac7c-a597579f4122,733cb558-0d2f-5573-949b-00a19c5ffdcc,https://lh3.googleusercontent.com/gps-cs-s/AHRPTWm_4FZ2bOTas0mUqPqpvYdgZfEvTothG1yIwzxSMMDfb62ZgTnmHpbmAugM_v91bjTmsst3jWNwxy4rJPX-YRWfjiB_LauAafdQjICZ2OHVf6O1K6dTZfO-we-3RXwUokITavXUYQ=w122-h92-k-no,GOOGLE,PENDING
4ca5eec2-063e-5879-8aab-eedc65b413cb,30ce2453-9309-565e-b90d-f23917fa8ab4,https://lh3.googleusercontent.com/gps-cs-s/AHRPTWnvA4PGffuJZsEcfX5v8d3UdVZcBkuqKp3IkfWij5impS6DG5Lrz3WYn0269oBo-o_fJqxWz99OqtsQLJ5-_drix1CyysbK_TdlNduZL1Q88dOwP-NliUdnh7kO2TesPyfp07Kc=w163-h92-k-no,GOOGLE,PENDING
5786d68c-f9f7-560a-ab5a-2a07518b7ead,354740cc-5271-5c58-88bb-1ae49828b531,https://lh3.googleusercontent.com/gps-cs-s/AHRPTWmSpndc8e8n2YO-BryBVRt93z2qQ0HonTSj23qL81Q_pDjGhOCb23zLNYcJAqavDpbwIG3kASnA_AhV7xjXY_HuCCIXW_kgeIdLnQNh_1yHjuyVtSbFInWlmktW1We75_FW7Uz05KfN8a0s=w80-h119-k-no,GOOGLE,PENDING
b223f6bf-6ed7-57fa-80f8-4b215b646b8e,78ea604b-5116-5b9f-b6d3-6daeafc9e6a8,https://lh3.googleusercontent.com/gps-cs-s/AHRPTWlZfygvOoK6o8vnraebn_XpdlxaAoqxVi6tZ7iwiFuwPBqMcuQXN0Vv88-T7l4IGGXnI-fEQ8SBUXw15jLgr8ihHeeD-nVVhlxyuAoMXonwSbOfEMOy1hzw9iZg69ieDqAM8lb5dLSRLBU=w80-h106-k-no,GOOGLE,PENDING
523b89ff-2621-5d60-98a3-331d5e888605,657f576c-85a9-580b-b00f-df27ea67b799,https://lh3.googleusercontent.com/gps-cs-s/AHRPTWlZRgofRI6yCkH0nZdPTlxnPYbZKwnRaOCjRCoVKbnN1cMTiuSFB8BoHhrYPwAfPUgJCE0WVxw0e9B5lBGt4YLvNNA0iXHdd1CUsGTI7Pr3u10LGKOWLl7RyZYcnRI_alRceOM=w134-h92-k-no,GOOGLE,PENDING
f29c3534-647b-5184-99a4-65e8b3480eef,6a27fe1a-d155-5901-a9b8-480d80ebe71f,https://lh3.googleusercontent.com/gps-cs-s/AHRPTWkc45KusJG4dpWGgxSf4QhUTCMvREo3UY6KwnRj8GPUwkk__3VInvh2Gb1slZYM4JxDYahW93qQao4YUJ7TTC3f-fTh26BWgizWkI_M_8QqJjy5zeVxKF-X7fSQ3rs6POoAGszXW5o30Tft=w80-h106-k-no,GOOGLE,PENDING
4ec57ec0-89e8-59c7-8eb8-c3614f7e11e0,79d1176c-2b8b-50ce-a458-44604bf91f8f,https://lh3.googleusercontent.com/gps-cs-s/AHRPTWk2llyAaWUV1NlR60hXGvz8h-nGY6bJjdJHldGYW18wLCNQ2Md_5aXe45FZLQBzom1g8u8-VYWbTroCGD1kOQbzVzg0AZ9jiX-NWbSta_UkC_htHwEL7Ze6F7gPwV5rpMMxz0Qs=w163-h92-k-no,GOOGLE,PENDING
c3b2c66e-5779-5be3-aa56-78821b72fe58,fd8701d4-1676-5ac3-8672-f951fdab32ba,https://lh3.googleusercontent.com/gps-cs-s/AHRPTWmqr6GMseYAHmbvw20eOU2HeaAD7Ofnx_Ml1p1crJNfUDT4WoEuEaaYYjLJZ0wqtQvq8-xkOOOf4eUDYXVNKuLUoimx-JCg_MsPCqINLfcYkUjEtwT4MkxBojDlGS8xQRBiu-VK1A=w122-h92-k-no,GOOGLE,PENDING
f6ad42c8-8480-5eba-a739-ababa688feba,0b88a80d-fe31-5834-945e-174588562c4a,https://lh3.googleusercontent.com/gps-cs-s/AHRPTWk8uHVxf4vNJhxYSxNfUhGGUmkUoZCViwDIUt5qdiSH1SGiWhn5fU7tH6tdR1dOZVBgPdf8kqO3jsUJyvQt61c4TvXEooigkD1TzXzqoggn1HH_g_qccvXfSTcJYkcw3kqViKBc=w122-h92-k-no,GOOGLE,PENDING
42adb054-a00a-5566-9bdd-83d0a260a274,4198bb8c-cf77-55fe-8422-b7cfa1df20ee,https://lh3.googleusercontent.com/gps-cs-s/AHRPTWmY1fZIwlKgOANxNJG6rPPb7TnJr3TK9iMggrwpj82n7vCvxUamkSpP-QjeBZKwQwPXYfzZlI0UKlXZxVWljMaENHR7nuXOpcGNVCmiPsST9btRkKKTFMNA64oZMn5XFaSCvgbW=w122-h92-k-no,GOOGLE,PENDING
b696f4c7-04bd-59bc-9933-51073f9e5491,a5e28471-6820-5b18-93d7-234d09559d18,https://lh3.googleusercontent.com/gps-cs-s/AHRPTWlWNMDdY5cVcxmTcshdjP9AalvF3cwc97mH-gtTgQ37puqNCWp-2LrB6z3xXUakJNBwsBC6_F79d7jon0MNt3mfu4rtQmln0r8h2xeuYkYwuSNUKK8K1PL1ulexRqBZuzR-gXOm_Q=w122-h92-k-no,GOOGLE,PENDING
2b310ee6-0e65-5c1f-939f-52ade2ce5ff3,5f275a84-c23b-558e-9a94-a992c6df667b,https://lh3.googleusercontent.com/gps-cs-s/AHRPTWnPh4ekLoyNpvksQLRC4yMxsvyUyiDfjG5gWssFyQLV109g1nqzECKeDkVF-Kr5kf4qpkEQiwQ5UhXMYp6rxdvXXqaRQD-6FN-tKR9hVSojUa3iqlCJYhgl9TNb2nzCQOAlDNZfjSQ7wYtm=w122-h92-k-no,GOOGLE,PENDING
1b1de37a-204d-5069-b3c4-012dff4d6e20,8fe16435-918e-550f-a009-b8e8dc597162,https://lh3.googleusercontent.com/gps-cs-s/AHRPTWlieUjNPMxV5izIKn6Wg7soMYaoSJLiSugKHIUALxd50Tm6iWJHHzRJ2palzf3JTqr5A7OajfIw-ZsO1uuvasLfOeBFYmClbmeh1kLCAJb5evNLFvCQeNQGg_-7gJUa80l600zBHw=w166-h92-k-no,GOOGLE,PENDING
db28e3db-0e88-523d-9bf2-db88b60e757e,55119dc3-1fbd-5f53-af8c-ba1bf098c7f0,https://lh3.googleusercontent.com/gps-cs-s/AHRPTWkRkvdEp-9BINkfMFcjwNRng7vzZLqYDfjVKYE9Rn3RxBQLIY_sUOQRkl3m-FfnAndfx7N4abm_qSYn9pADDId0Nbn67O4EojGVGEvbVL88X5xJPvk60YDygOyVzu4cRq1dWVM=w122-h92-k-no,GOOGLE,PENDING
471f74ff-f71c-5bea-9be6-d3453fa14eb3,be243c4f-ea56-5ccd-92fd-c19a84e5ea2e,https://lh3.googleusercontent.com/gps-cs-s/AHRPTWlrAQxO50y5AIbOV9ZXe0sZOgDKtpPONod4t6i7uC86NsCvV1i_yvqanrdt3GmE-Vc3_k0qrn9NXY82jUs9vmlcHYjLvViUd-uEJ5E7DnAZ5DYc_PNskrfwIdg5XCdF3u7jBI49=w122-h92-k-no,GOOGLE,PENDING
bd1efdab-1733-5ca9-a661-b693bc6cb867,1690bed7-2645-597c-af2d-54a8d17c26d9,https://lh3.googleusercontent.com/gps-cs-s/AHRPTWn1Rs5AIClGkY9rfsJt5W8kp_vGCVSQ752PaZYFyJjCMbcwrMW8qPC0lZNFoeIK6FELKW-AtkkNP1hpwq2RJ7hqtKGUbxDrcDC5QgClWRPjVcXJaEWURiMPDbfu0yRMxhZtpnIY=w122-h92-k-no,GOOGLE,PENDING
385c23ee-e9a0-5c06-bbb5-80b467edebfe,58511fb1-fc83-5a7c-a395-15c30f23fc2f,https://lh3.googleusercontent.com/gps-cs-s/AHRPTWnIE_Td386djz4FLmw6B6AmoIAfGIgmogomlRP_aiobHyGKKbGPCYU-tzl8vJLSwD8iYp7CPgu9mHbALxTKS1zMSYXQULkgtPa566AWvtW_VKasOlvqQ8qa_o0NABg0pf6nSRym=w138-h92-k-no,GOOGLE,PENDING
82df53d9-93c6-5256-8d70-6993a9712889,2c5709ed-807c-5da1-b1d9-c149ffaec85b,https://lh3.googleusercontent.com/gps-cs-s/AHRPTWlyk5rNB8X8rSqt3A9_O7TgknJAeOs3vqLuiDDq8ilKDIzGFYOG2ID2SFJmTjY_32XfYBsAcz8OInZK1sJDJcr4_rJJgzu41JiQ_GXjT3i5sBmWNgoxFB5ZQkht-OF1ERhx2-VA=w122-h92-k-no,GOOGLE,PENDING
bdcb3322-a9fb-589b-b28e-23a38a65528a,cc56f98d-87a7-5c87-81e2-d494b0eaf3be,https://lh3.googleusercontent.com/gps-cs-s/AHRPTWloe99eoEBSMDhImm2yUb5pVNWvGTKupe-a6x4fO8zpUGK0lHD_v-WYq-UlHTTSv1q43oH4F8B-c0xYb7qcRTttaJmvPvGWgUykse52Qh6mHrbytZCDpcPJkQoCsOmnU0KMEz62Gw=w122-h92-k-no,GOOGLE,PENDING
1fe421b3-e37b-5d57-b95e-7064d593b81a,dba37528-c9c5-52ae-95f4-f0867c0fc51e,https://lh3.googleusercontent.com/gps-cs-s/AHRPTWloDdS0N9IWs8hDlA9sT8UANzlmVI55fyI7eJPwOJGMLzwHvRoGPD9uUGHeGicTvQmOmaJT89voPBr7Aa3aTq7PGf-og0B-896B3oRMGnQVSUyawpR6hHELI9bENPz064h9o7U=w163-h92-k-no,GOOGLE,PENDING
83f5f7ee-edfd-5d14-8d5b-e2ac4c6236b8,226d521b-3482-5c6e-b347-b1ff249b369e,https://lh3.googleusercontent.com/gps-cs-s/AHRPTWk6V0sSdDG4uSdkPuUKJ5tJwL0vfIKSlJZuScPmp92Ryx0OBSjzVQkS03T1OQA6HXB9OiaFPcGXGjDqoVEUBYyPwt3gt6ifp16p-Q4ADQ1--hYDGNRt5blvqyKUenJ54-NLrxU=w122-h92-k-no,GOOGLE,PENDING
f26f4e5f-1b9e-5c0c-8ed4-b058d34fd2ef,f10c262f-bc4d-5c00-9556-354c89bdc32d,https://lh3.googleusercontent.com/gps-cs-s/AHRPTWmzTK7NOvt38bt96iBD6ASxSGR6tnGs8q4H_D5dLi_v2kmeWP32e1g3XgE0Kw2KCjX2PpnqX2xNJOkiDSMZ8YAfD9xDoXuU-TzwTW_L47pvIzklXsc_EjSQIO0YVL67NkEPiU6LKw=w122-h92-k-no,GOOGLE,PENDING
12ac3d7a-24f3-5519-804b-4ca55980bfdb,65dc379d-6157-5b32-9e3f-767ece971be3,https://lh3.googleusercontent.com/gps-cs-s/AHRPTWlUkY3_2qVzWjG1Q6nQyIT1piv33s6BLFUb1wciddPjcmsQ6WCHmSJxDbVoa0dsK_voUuD3CclGj_-dw5z-Nejl8rman7U_XIQPdqo463wRlphlQ6tLAa2D_JeeO3g7cfiM22o=w122-h92-k-no,GOOGLE,PENDING
f3cc2ace-3cc5-5b5e-baf9-096f5e71062a,be0130cc-1995-504a-84d0-917144b5670f,https://lh3.googleusercontent.com/gps-cs-s/AHRPTWk6C15C0NVwjpHEdz2vUMR8VlqRCNENbAl0hmCDvy4z9ivsd1iaTBWpXbXYuJGQdWxRkT3gV_c85QgH_sgIpd7SPTZDMkdGu83fIZR2IPXTvFd09EvvL93m4T-NY4TdBAShiYtA=w163-h92-k-no,GOOGLE,PENDING
4b435e96-48a8-5864-89bc-683237470d4d,f7cb73de-cf46-5fd9-92a2-c9353d3fd82f,https://lh3.googleusercontent.com/gps-cs-s/AHRPTWm6S25xlsV9txjf15hmvRhglmbHrD62_ta-2ab1R0yh65bueupkIBzdMSFDN0gYQxYmGlK8gjykCc-jozTBIoxhC1F464esc8fCtgdC7KC5UNltme3Napb6JrXC3_YteyFk7yibCFc3GbA=w163-h92-k-no,GOOGLE,PENDING
4359b46b-926e-5dd5-96a0-adad0342090d,bacb028d-89ce-5d93-a490-371ef313dbe9,https://lh3.googleusercontent.com/gps-cs-s/AHRPTWmXaWPRfv_TatKV8noJRw5y6fKHq4Fo1dYtCNL5rShW71V_J61B9BCOLHbgfTDdaiocphcxiaHyFo2yeLYRe1N_TvSHGFNVJBiMSJ6gKVkKWpcUmVuDB8TTni58RIfFIJCa8w2QWA=w163-h92-k-no,GOOGLE,PENDING
21019a26-46d1-5da2-9cfa-a1c090fb79e9,ba5f0f76-a309-529d-910f-130ff3c4f31e,https://lh3.googleusercontent.com/gps-cs-s/AHRPTWmVFRNh2RDyHmxmL34y0ukUOazSf1UjWgt4lgdUqw2qr4reNLMs1SnvqEv_yim51btrHOwdYrtc_NUYOA-8X-WV5QFbvwGu-UfbDaiVvaHcAiKaCoXzZCh9m55aKlDYhNmuvaFX=w138-h92-k-no,GOOGLE,PENDING
5aa94b65-688f-53d9-96cd-2462dd996bae,4f35ca36-0ac3-5876-9790-d4f495443eb4,https://lh3.googleusercontent.com/gps-cs-s/AHRPTWmNdszjzY9I03jvLSnViPB_BKfGdW2SlTzoXgX782GNeTsixtIkFGesLaQnlh8mFh-LuX_QBKNAKhYbka4nTfj-xzT5w0gUGr7fpcBdm5T_zy9HmfoDPd-M1xXwiWLgLUM_jVFAoIuzUWTc=w122-h92-k-no,GOOGLE,PENDING
17c0fe8a-3208-5120-ab8f-c4872148c280,58f60710-b2a1-589a-a6e5-2a2fd2f256bb,https://lh3.googleusercontent.com/gps-cs-s/AHRPTWlHAQ_UcSGhdgPxYTpk86KN_aPPdonGpL0LCDiVxfVOYyZalzYASPtqk7PIXgueGDfAtAk-bzsvxfiEBx_o_Jz-nP2IAGvv7112TBaH8bk5wP7s5Tq9-VRj3jn_aHMix4RzpmgV=w80-h106-k-no,GOOGLE,PENDING
6f096523-1cc7-5a35-8347-df1c70d4d925,443516ec-fa96-5efb-bf9c-0444ecfb0138,https://lh3.googleusercontent.com/gps-cs-s/AHRPTWnmz3bxeujA6hJglgTlYHvyRB9Cb_nLJCHAsg80qlenQP3o6o-YIWR78r_JmePVQxqx6aWPKzxfNtF7XeZX08l8Q3kT58W-A4CDtUYi9nUYVjP2GD1twuaOXtmSOoa1PdwI3B9T3w=w122-h92-k-no,GOOGLE,PENDING
2e68d0c8-8c2a-5a5e-a1e8-f8d02221c7a0,0f2f4ac6-1575-5b20-a2ea-392eafce4a1c,https://lh3.googleusercontent.com/gps-cs-s/AHRPTWnH3cmUjMey90GCQ_hdvG7EuZx_PuJv6_TKr0yLkWaaWh5dKc0h0BeZvhgV5rgp3oZGAZLnrtxMy4sv4uNPTdO4pcZn-3kZpFZw4_Qn7siWJpVDHkz31TjsMrJz2IiwL8DepsdwHfZg6llv=w122-h92-k-no,GOOGLE,PENDING
6245913a-128a-5cd5-8ccd-69eab4234e12,7ebbc394-4aad-54b1-800d-4a0a4ccfa9f2,https://lh3.googleusercontent.com/gps-cs-s/AHRPTWmMtOO6di6_Tifp3hw3bpl-FtKwWE_UTYxDdYuCyVl653rTdIsRzgZ0_KKxEknTP0a5X3EACq_bzfWLT6h5Swlp_PoZNsgZnxN1MrVB8Rtf_2ViyU9bQ_U23AtlsTt54-XY6HY1=w122-h92-k-no,GOOGLE,PENDING
1a5aa4b9-1519-5ea3-bce5-6dd1bccbfaad,0e6e6e75-e37f-5029-a5dd-7ca791699605,https://lh3.googleusercontent.com/gps-cs-s/AHRPTWlFXC2TJ0Lwo-Vg1_c3yccKdz8E1yDeX8X2hxXsPEr-TsRG22HfChYYs_hA4HsAU_S_E6wc6F89FQhROKFK1NUt1SkpD8xLzOxmW8-l1-TIjk4savgjtnFiuC4b3gxuFjv1Oz_tkA=w122-h92-k-no,GOOGLE,PENDING
f519ee10-7d9b-5829-8b0a-bd1fc028414c,ed00f196-4678-5ff8-b2f6-f7b638588299,https://lh3.googleusercontent.com/gps-cs-s/AHRPTWl8SLke37lnSgynlQvz36ePE8F2rbE89jy_rrFTWoRSByA4k6SUFurAIrUa8JY9SncoV3BJi1Obp-gTl6yChGC8Yx2m6uPYaegjWk9UvjrAUvlhirWMzZJP8_mAxBkZJl0YjME=w176-h92-k-no,GOOGLE,PENDING
c93a92ed-00f3-5f28-b2cb-36e0132b17e7,c9ff5dd9-5285-5289-99cd-1b6f2e996fef,https://lh3.googleusercontent.com/gps-cs-s/AHRPTWkoalByB73cKKPV5lhquZg1jiTwECEmU9HnN0dgHTqgJJ_LkekTvm5Pdi8pZHRKSBZVQVuq70l03167pWyMtJQCG7hwPR1WZPNPVCwGLysR75-y9_NPkvet1XQBb4DUUA6MLm59IQ=w122-h92-k-no,GOOGLE,PENDING
cc3b096f-d147-5e50-b913-064fe7f98a2c,4ed94a2e-693d-52e7-9947-d87f7ae105f3,https://lh3.googleusercontent.com/gps-cs-s/AHRPTWm0MFAdMsCfPINChgnzFAZ5SxqKS0ERQGZYsXsBLhJtLONfm7xs0Stm39MtfjxBBc3Nf2DwnCCRvjJrBueyWgXqMKFeIkbx4cJzCuXtevtr04U31j4xugRL7QHeUcoA1MhCsudGwg=w122-h92-k-no,GOOGLE,PENDING
40b6c77c-3c6f-52f6-9e02-9f6af3dc9f5b,8dfa1642-65cb-5221-8230-19ed46869133,https://lh3.googleusercontent.com/gps-cs-s/AHRPTWmVSMuR0qOr06ffLsYaqM_Em9GiJR_NH1WnqDLGLVtkG0rGy08Sr2CGdeIjKeD4nrIlvDi2cp0qAnPS9RqcF8AKP4NFtO24Vec1yzAjybRIiqgbkEMAdFCAjZTlTTRziGHVxln6RC_SVFdP=w122-h92-k-no,GOOGLE,PENDING
82d15c42-d984-5469-aead-d1891c6bce35,afc8fad5-09e8-51bd-88a4-8e2eeff054f3,https://lh3.googleusercontent.com/gps-cs-s/AHRPTWlU8yLk_nL-k97t_56BpLS25qkgYJlN8RA1VXYxi7PGeGciwxn6JmyiuSQyr7yVQ2dwCluFPeBGHWwLveLGduxswLwLK6K0pqJmywOgBtD54DQun15I8jG1skNYT4n_GRtiIPE=w122-h92-k-no,GOOGLE,PENDING
267958bc-4b5d-5804-9677-c710d8e43c0d,27d1e839-6537-539c-ba6b-56fa453a2e1a,https://lh3.googleusercontent.com/gps-cs-s/AHRPTWkHL6Z4HXl5mRXHMqt23F3JHEnbZM9SSC-D3_KjHSbcjMb-WCe-V26tk8q7BHM9tZYOG-DAnEuNXJp6JEU2IM0MweVKwyxk_BnTLTjSm_pXdReJtvK6yvo-Y_0DwNfr-AtqM-VPZA=w122-h92-k-no,GOOGLE,PENDING
18b4cf67-1c97-54e8-9b5f-a2cb302f361a,183b7ceb-bbf9-56a5-bb57-37f8494c9a41,https://lh3.googleusercontent.com/gps-cs-s/AHRPTWnKHWBJIyKDnXdYnzpv0AD5lVLQtaLqVlh9a0d9pcG2mtuhnu0qHU6-4shKAfo-gg04HaB0zZefyAw0S5UscBbhrwJJGISGJJiTrn2YpxxQnJ7gTaNImwgi4FINSfnHqoTv46-7=w122-h92-k-no,GOOGLE,PENDING
8c3d071e-9e5c-513b-830b-9229adac5d3f,a81832bd-2aa9-5a5a-9b6c-7b71df1e8366,https://lh3.googleusercontent.com/gps-cs-s/AHRPTWkN4T31oPgoRVWG7PK83rCgXPCq6-awVBXlFXcXkd9tmq-weMJi3N-p0hW8PX5WPHV2p5uL3rXpcbw31kFqxWZAsiQxwu-OC52gOm-EB6yxztpXkXsSs5fl0Ii0-YSlYm3jMbjUAw=w163-h92-k-no,GOOGLE,PENDING
66b36fe1-06ba-5498-98a4-e318c68f4d3a,536c17b8-c4ce-597f-9d45-af1581778546,https://lh3.googleusercontent.com/gps-cs-s/AHRPTWlo7SpUeQM3sT9kyKvqtH_0uKqf3ryX3Ss7KH8tjJ6nxMjs4OWRppGRGlfV_hxbD8Y7IV20xMYwoP1_xXWNS7bfJygRQE4Eyf3ugE5mfAtc-k6pqn9jNU1JMsSEV9vDo7dkrnCY=w163-h92-k-no,GOOGLE,PENDING
d0ffaee5-ec98-5335-ad56-b8cadb8ce06d,ae75224d-2d8a-5ec1-82d8-01eee5e7ad8f,https://lh3.googleusercontent.com/gps-cs-s/AHRPTWkOGsZIQ2Vvp0YIWB93J7EM2eSkfX2GWYqrXqwcH8MBO-yXhdDZxa0Bv6klI8JNkHr8GMvntb5QOjHc1sXb_WnX2G8sagr7CTomOZW2l_u_8jgmPpCrshZKMnJeTIISjPVwglRu=w122-h92-k-no,GOOGLE,PENDING
901bfc4e-11bf-5eed-bf8d-d51fcc782a07,fbcc92f0-b8f0-5c9b-88fc-2c2ea60dcaaf,https://lh3.googleusercontent.com/gps-cs-s/AHRPTWl3xBHSn1bCgamd-_K3mM6_5WrOWXqqweGZGB4jYzNGKyCl8TpJ5mDp1E5iu6g8F2_0OPHB_JnAKC6BCxJh5_adH8rETYlY50Cih1vdfK525hEABNNw5_H4y2eHlAYJfraVhfu8zg=w122-h92-k-no,GOOGLE,PENDING
b5b1455d-50a1-5165-bcd8-b4ed62a0fa47,366b640b-efbd-5680-96b3-4f31fed7d996,https://lh3.googleusercontent.com/gps-cs-s/AHRPTWkddfYE-C6P8a9JH8YXpxeuSMt2JhDdxVjITwdUGrbF6rCv97rLlkZqGtwMUAYvu517E0mbTD-s129WMpYK9LcXnQrqKEPDW6LH3NyBCW6plItrpTZE-HJjjBj7n4T8kc0raIw=w137-h92-k-no,GOOGLE,PENDING
1524e3c0-bb8c-5369-be7c-c6e392b9eb92,d32219b2-b074-5c28-93d6-494e7cc356c6,https://lh3.googleusercontent.com/gps-cs-s/AHRPTWlDJcXIQfhuvmc9tQ8fqJUZHkz61zsVKlyyxwbPZ2HAr2jPBOTvj9_ouEGeNbB4RyRnxo3Fb2_tOWxN3VDqO8tTs_-wZWywZNzWb9D6qPyexwp63UVJpi7bSRC8S1XPiPGS0bWzZw=w122-h92-k-no,GOOGLE,PENDING
05e886f4-2db3-505b-848e-5408543bc16e,d9c46286-b961-57c1-bc1a-3db72f08b8e0,https://lh3.googleusercontent.com/gps-cs-s/AHRPTWnPezEmXmB3aQKQoY0DwQX0lAwA4zMTA_BJRucUsx29qPKb2LKnw-glnn2X0sSJ645V4kD5iZD7l9BZ7Z8IvuMBBiMvIPTRlY_PuLjviJM4h6FdIMPmDsRqAai3WAWqd3n5rlH5=w138-h92-k-no,GOOGLE,PENDING
7872de64-ec06-5b8d-be6a-2efd236d98b0,9f969a8b-bfad-58fa-9e3e-a1135f0758c5,https://lh3.googleusercontent.com/gps-cs-s/AHRPTWmd4HIzOXI8yrLp2ckVFFmmIzNm_g7yPVrpNs-7Igd2M_JSAKMnFuVn4oo3P7yiai0TABfdohgQdD0ggrnFajz8Vxl62QJKGaV-bE6EYbuDLwsN43kVVIID-lFne-AzmhblPp7La7OrJWPw=w122-h92-k-no,GOOGLE,PENDING
7fd0cb95-faa4-59cb-8899-6c7125b7a12b,ea76ed39-eefc-5eb8-b296-4d36d93982aa,https://lh3.googleusercontent.com/gps-cs-s/AHRPTWkmm1_E6HSLByQsvOGiyFbYVwx3V0TR1Og6WSI2nJXTiHOLijmW6Ek2mh6rsQ-q2PCRSiNhCb2HnSiPCZ34T0oBoUWjNEu-aU9qLb_Xre8T3G5psICDnYRLibjqI2-zl-4BYeGi6A=w122-h92-k-no,GOOGLE,PENDING
7fd37d88-7e01-5833-8444-aa75892d8b49,1209018d-984d-5e72-9ea1-18bd5a342275,https://lh3.googleusercontent.com/gps-cs-s/AHRPTWkNLO1qFNUin0nw07Ah7mQjB-GkjWjESodFNiYzUGYnidsTi8WbcnThRBOH9bMZD1e_DdHDfOURBG7GZ5LJKMtgKNWU21I4K9fE4pfwSStXEOEs2wElvedbiUw7jrpRGuudZ6Tzwg=w122-h92-k-no,GOOGLE,PENDING
0b0d76c5-21b5-5e1b-bdf1-407f98fb378a,a19d16ea-360d-581a-9bb5-433ddc0cecdc,https://lh3.googleusercontent.com/gps-cs-s/AHRPTWmbxKb3fwSds10DFKdiL-q9PZy9I0iD4bqmQc8pb1bYsYUpI1vEj1XxmBA1xC-qkHkQJSwbLZdnmZ4TMkoA9m0UsyDF6FwGB1YtFqJ4okrEzT7ox4i6UqRqI7nphyLzsOobfYYt=w122-h92-k-no,GOOGLE,PENDING
e06551b1-6e8d-53e2-9f62-f626f72acea0,c8348ce9-7dd2-5ce6-a3aa-2714af966209,https://lh3.googleusercontent.com/gps-cs-s/AHRPTWmQBYO3S3YUkSMRUbqEvoYukhBn28fTfp4jtZuSaPQQe9D3qK5KePH6HodHoZ_arRHuusCDCL3N2sV3AiQ7wHQs3f6eLfy7rYi6N_W6HbQGyxdXVE0eLxjqZjRgBS-aKYBgNQs04A_j388=w80-h106-k-no,GOOGLE,PENDING
2cfd5859-9c00-5dfa-897d-6358a1e1eb6a,932a72f8-7ae6-5ae7-bb1b-5eeac0a4dac7,https://lh3.googleusercontent.com/gps-cs-s/AHRPTWnSaIACjETlVG-Ad31RM34wQqvwyes4zF6X742FV132gCDFT93ONrt-mgBUxeEVi2Ka7v3UjUba_WL_Hk8Em60xWOmb1Cm6i8n9mJbWtWoumN8gx5S8cfHqEdbNtnU1HnKHWsig=w122-h92-k-no,GOOGLE,PENDING
bf0e1462-cde3-5b6b-bd44-b2cfbfbf49d2,125b83a6-e012-59ad-82d4-7d4727f4dd2b,https://lh3.googleusercontent.com/gps-cs-s/AHRPTWkvWkQeA1gkUHsp5v4zMKlIDDYTCp2Uh_yKwchrC_OvZE2upW5Myj65KbL7gwMzP8bxOoF7yq1ajxONnFg-4crECimAYSGyrNyyXk1suOiRXIRGmLPO2RYM22w8A9dB5cFfG6Sczw=w82-h92-k-no,GOOGLE,PENDING
25c40fef-4bb1-587b-bd5d-9a0cebd9c55a,e69272ac-15bf-500b-906d-54693688c799,https://lh3.googleusercontent.com/gps-cs-s/AHRPTWlvYTvA--wHEkVg7FDBgTIZl2o_2KfOV1IZBwQ2tfcxgor9Yqi-3KDYEgg3tphL_wONgMC6hinkXbqYabU_QbOoGerzanr5oVnwWXNgKFDfFa0q4Qa8dvDbzVBeqHGFrA3KPyE=w122-h92-k-no,GOOGLE,PENDING
317db8f4-76cb-5534-ad59-3deeef157557,dab95e41-0f7c-5a67-a14f-4256bf37b743,https://lh3.googleusercontent.com/gps-cs-s/AHRPTWnTPevrbOZq-7DvTeTtM0D4UVixix6iIB5MCPuoLvtwdbEe2S4_DSRIM-NyFtRKLKpyjmWwWgJRhbJOhlyTgQSAUZMryXwhqKnXxFrt9E8NLbCq8ql21g1W1MKctTwEGKEUgptAOO-tO4lb=w121-h92-k-no,GOOGLE,PENDING
7093df5f-8121-5334-9b34-9a7a50537185,a39efdfc-99ba-5f98-82ce-5bdadbd7a386,https://lh3.googleusercontent.com/gps-cs-s/AHRPTWmEa8jdHLAcAMBPK72OyD18ywbibt2gY9KVPVOW2tZdam8XiAxbSKyFcIhhBRbbEc-ygFqy0wKYmDZG8W4GhKb87e4ZqPuvW2fmt3IVhLX15hL-8Jr60oVMqlKDg5Ziqj7D0EmI=w163-h92-k-no,GOOGLE,PENDING
2564571e-fb35-55ee-9b72-bf403c76ad45,2e00bc58-8c46-51f6-b30b-68967e06a3fe,https://lh3.googleusercontent.com/gps-cs-s/AHRPTWkaaKEURBwickGAQwZTdmC0qLFxzrTK8fV6-fLs4mCf3lCwkJUYSrPNiSuYubKQXR6cTHS4VPrcyWYURBaNvjtuVui4Tr90sMn8BXBE6z-6oD5f-nzsBfXe6zUK1Dnj3toqVMKqFg=w122-h92-k-no,GOOGLE,PENDING
58aa00f4-23b8-51a8-9d0c-b64cb86dd5d5,45cae320-ed5e-511c-af00-4ba416419a10,https://lh3.googleusercontent.com/gps-cs-s/AHRPTWlpT-mPE1eC9lJI6yjS9JcdSGzTiC7Sjs0BE8pM0yDGjZPodr0fKS1gZxWeifL2wFi6Q3zEmU127yYdp2YoArw42yC254RcxNGo_gfiPXyhcbHpRfHCxQKfNpOqvpm_ZhyJ4ABs=w122-h92-k-no,GOOGLE,PENDING
a76900c9-82b8-5c9b-aebf-ed7536b706ad,c5c47050-54f2-53a2-8f3e-985b9a993663,https://lh3.googleusercontent.com/gps-cs-s/AHRPTWnUuLNFct4IXZSL9nEsVGcIbjOp41uw7MKHwvSs4jLh8IcPJHQkSu5IhjrW58ZMhbZlAF79k6yg0qHmdoy-W3gIuSspkzJTyIo6LmEWFhQJnALFcsGZjXHi7SonY71k5iuD52B_=w122-h92-k-no,GOOGLE,PENDING
88c427ef-37c9-5d11-a793-6ca3668d2598,8c7b3a4f-db4a-5ea7-a3fc-e956f7ee249e,https://lh3.googleusercontent.com/gps-cs-s/AHRPTWnZ03pRnqVAnrHD0phWlxIq6eVyV-bwmuVbf8TNSMNJ4RF6ktWW3u1FsRRIFvXN_z7nTMd4NPygnwzr3685ErT98_TnlTYKsNoImqOBa_H3VSmkE33Ineo5hHRbDHgF4XrXku-J=w122-h92-k-no,GOOGLE,PENDING
dc1b8702-2cd7-5bf8-8b0b-3f4f54774a91,71b6226c-c988-5e0c-bce6-1b92b6b4d211,https://lh3.googleusercontent.com/gps-cs-s/AHRPTWmet-10YKu_BwKsMYtPFUzuCueZF__GY3mNfX-fHI-dL5JWdvHIZvv8CRD8oHi0-O5Ak290vAYnZdn6afNxUo4YAJLwN2b4FwiCFWBPqaRPdgxqM0Mzkcw6cKD2n-rHpknnl5THfg=w80-h106-k-no,GOOGLE,PENDING
c9af9dec-3890-5b9f-92b1-7d8e4b80053c,8c4db453-1743-5edf-8c1c-4b2861841809,https://lh3.googleusercontent.com/gps-cs-s/AHRPTWm2zDUq-dYzyg6kBxxIXGZmObnT0UevKEKJavqkP8dPqSw1U4FRwE3kIh3tXdtqbdGDRO23LL832eA0lwQdmE1sHUgEaxLgOrVT1aEoJ9sjWG-JR0uWZFurR1D8H4QpHEFupRze=w122-h92-k-no,GOOGLE,PENDING
5700089d-fded-5302-bcf6-375135e0a9db,ace474c2-35ba-50ef-914f-9818df21f6fc,https://lh3.googleusercontent.com/gps-cs-s/AHRPTWkGu0mpWeQRPkT93zrGZ0zhu49wkHOkAHqESLrKtNH9W7Zu0ISm0n_Mxiq6h_CdkXywXBRFIiNSI5hpR1YC7I5VFiAtLkaFsHKKdntctQoo-fvZLbXMXXf6al4YZhnWR_fXHN3spkHxX2o=w122-h92-k-no,GOOGLE,PENDING
a4c4e326-1116-5bee-828b-d132e82118a6,1214e34e-64b9-522e-90ca-f445019afd58,https://lh3.googleusercontent.com/gps-cs-s/AHRPTWmBsOiJ4lEnDd2_agaztVG-A4mQjOktG1Dqn8IRk0MZSCiyydcMekfh5KYHEtBwuEu9mi2tlTK60eiRLqjcodIPQfItoatJFI6Mbyc2LX0xd7amGgyYVXykfb5wRxwIGW6Jq4w=w122-h92-k-no,GOOGLE,PENDING
051428dc-095a-5bef-9331-1cd281db1bec,1b9c6bcd-8cf2-5bc7-af68-5e6612aeecf2,https://lh3.googleusercontent.com/gps-cs-s/AHRPTWng77xX3VQZvBfzCHHbaSbbVeKXKVNT2p2zt2E7mNrtXfxW4VBKbPGIVhNkAiebBmIJcPex210RI2iVOiC_g-ezbSRcLvnqTlfACTnPGoPjsKWT7dOvLZqdtvzeC-utr1hUub0Z=w122-h92-k-no,GOOGLE,PENDING
c70b1a46-857e-55b5-a14e-481de404d035,daf5744e-c698-513d-a840-a79dcd317f8a,https://lh3.googleusercontent.com/gps-cs-s/AHRPTWlxwEsLthKBMaCP_5fENxVIsuu16pos9fxzqjcgxcQ675qOQjG2xnsMxMdnrA2vwklybhMSEcj-8SnciBrC3VXqrZuHirj_Fp5mFd9G-7qW_7AU2h2yoTQDpMmp5lFhYGdtmhA=w122-h92-k-no,GOOGLE,PENDING
eec306df-07df-5d99-a7b7-14bd6cf677fb,a303c5b7-75d4-5e12-886a-0c1dc413d769,https://lh3.googleusercontent.com/gps-cs-s/AHRPTWmUuX56zCKeS0ZmO353tc864q-3DQu7Q9DcSI-c16WI0z48ovfMQ0h8HuXpsSAz8JBXJ0jvJlxXEn40hlo0ZqgHpYeANqAVntKnfGYw9MjkIoJSdkRnlQjDDcUQ3gv34UR3xp37fZastuA=w122-h92-k-no,GOOGLE,PENDING
03e83fca-1117-5fd2-9cbf-4d69539c5447,97cf6bd8-16d2-56fc-aee7-08dfb7eee8b7,https://lh3.googleusercontent.com/gps-cs-s/AHRPTWlTGkHEfMh0dLVRZLf82h7ssMRVVAzsAS9d9vTG7frxFRfhS0csI_FHXH48LddlEhwkgOne8fYANgi82uqlvRFyAlCOnKjyyLJy36ZukMO9uxK6CfL8fGRG0ffItLxjmiyahEz0=w122-h92-k-no,GOOGLE,PENDING
9462eb82-cda5-5c12-a571-4b024a077c8f,1433170f-5fd9-5eca-a92e-27234b03b4c4,https://lh3.googleusercontent.com/gps-cs-s/AHRPTWlN2Uym1D1lh_CFpATCwxBcs4VxYDny5LEiV0SsQu33o3LuKvr_CUZq3N9G-VMiTBZekehdwGRR7i3lJ5neuIa3F3JbhMNJZj5rF4aLeYwew1eiy8zpt0tQqEW9kpSkkQyWgOoLXw=w122-h92-k-no,GOOGLE,PENDING
7ca84ce4-6fdd-5541-832b-af6f32bec601,466c03b7-7c41-5613-a003-dcf4e3fea6c8,https://lh3.googleusercontent.com/gps-cs-s/AHRPTWmBSCq6Henzim8xVkJa2bk39ChKIPhLdp6qfR1IpUvXbMrrF3CcsQAN_nGGTKv1kyD3ecVYdjuAzn8qULApk1-1kTwFEIkuOWQcCOPYTeus0RHvwKnXgWsccv3vylgXaYWiF0c=w122-h92-k-no,GOOGLE,PENDING
79a1f9a3-8c5c-5c31-bc18-5913a99fb16d,ad37c71a-2496-563d-a1bd-eec8eb1972cf,https://lh3.googleusercontent.com/gps-cs-s/AHRPTWkXsQ7KaCs9Z4xDCoIUf6Nn8BgVy7gnzI8W2pTVY-F3eBRubklrQJkCTyLbrR6m9UrbadAMvttf2_PQDyK1NY_7HsLTqphzta6diqITuex3EToPizD6PN76NcLAWZVfxXIxjaLQTUMQFM3i=w122-h92-k-no,GOOGLE,PENDING
00c626cd-f290-53d4-9305-5921292ff4f7,fd81bf05-aea8-599e-8fd2-234e79331966,https://lh3.googleusercontent.com/gps-cs-s/AHRPTWlgnMndj_O9sBKecnpk6s_7HJzE_XjQWHil3F0R5inweb9R9WdmB1Mg8vTacZbJ_c6K0MRyw_n4HvMSV09L1U1QysZpIjV-TqZ7VZ-smgopucMQErST9Fm7GmX5ODWorxe_BEP6=w122-h92-k-no,GOOGLE,PENDING
0aee6e49-2cc7-541d-b452-9a67024c00b2,a1e3d73b-66be-51e0-8ae3-e5834f817228,https://lh3.googleusercontent.com/gps-cs-s/AHRPTWmxpWuFmejD3LO3MAaOGyfP1AlxMp57oo9e4MKRHKiBDL-Ovh5Wj3MXAm_Qj2lPzg4RMd0ysSzaymgnLcWO8mDK4_uxZ5T3UWkGpQA4JrUuRZLVZtnvFpb834lngVAoOlnQcZn8og=w122-h92-k-no,GOOGLE,PENDING
8ec37718-6795-57be-b825-a0a586c6eedc,e8737f31-7a56-55c3-8d19-d478dd36887e,https://lh3.googleusercontent.com/gps-cs-s/AHRPTWmki6UU_mZ9R_pUTwp-lH_ibT8Rze2Q-VyhhZi2AK7DgrYmHPtMs-klk5MPNnGaHC3O8Hfb7eqiotad2k9LP6Epq6qAMh1T-O1R97FKmDr_X1GzIuv2eiLPIO2l68A6Da-WeAt0=w163-h92-k-no,GOOGLE,PENDING
73a4fe60-d5d8-57f4-b8c2-91ec5135d06e,b2c16a34-8c93-5ee5-8a31-9a9e47b9d511,https://lh3.googleusercontent.com/gps-cs-s/AHRPTWlrHcbYwUSfAC8J3iSO7QIskOTbJ8ENrDeUGJQf9jb49eH0TTG0GMKes-fcboSl8Hn9Lspicl31yeVCqocy5WGayJ5Z5VgmWa9B8V1alj96gMibSbs_Cr2GI-S3meclRVlwgskSiQ=w139-h92-k-no,GOOGLE,PENDING
65dfe4f1-2c25-5058-a504-3ed553bbe220,784976f5-73e1-5bc2-aef9-fd9a3a4a8393,https://lh3.googleusercontent.com/gps-cs-s/AHRPTWn8O4A9czYh1ZtmBIK7ZQPZqNawvLFwjQvPVh5KrwKTYj6yVTvdnlZ3i9zO5Tcm8sa6KJmpOhBn7wFnhLdaMi-nJ4WCYMBAqlZSG6iNvW3xbRLxGu7DNehKJlYFvqhODlXMByBz=w122-h92-k-no,GOOGLE,PENDING
7e08fbf8-5486-5e68-959e-e3897715f962,518f4b21-2f0e-511f-a9e9-9d8a859d2583,https://lh3.googleusercontent.com/gps-cs-s/AHRPTWmRaqtUnWzjmg1sc68D4R0sXEu7b0lz1dY15H9MnGVXWsKLFW7IN6Y8QeP1cjJCKS68EPT1KH1BCnd2Et2Exb0FxLXOO9yUR_nCcN-VlptSPM-qPYg6yL9RdhlWG1OjNsipelH8=w122-h92-k-no,GOOGLE,PENDING
0bcd7927-2d59-5aa2-926b-f147a44dd632,f4b09c2b-2d3e-55b1-93e3-cd2680a5f845,https://lh3.googleusercontent.com/gps-cs-s/AHRPTWlpCaR4O5T6GOU1YLfrryBEVP0thIKgRi4WbX56AKQ44AHC4cOOR0H4deuf451a6fIOBxeC1lYFHCo-Tkh2EI9h9crr6jx3L7u2ErR4Id7alKBOyGRgclsYL1WM9r-pE-cAnOA=w197-h92-k-no,GOOGLE,PENDING
9d7dc617-0a6d-5555-af4b-a7473b364e77,35de5a8a-b98f-56ad-a812-b9edd8d5bf43,https://lh3.googleusercontent.com/gps-cs-s/AHRPTWmjvBE6DQrm05YSt0ONaeHWfgK8t-NRf70Tr77_syZ0LN4cgH7I4g_JvrdwJU8BCou1VnE3Ibr0-wDixtNmb6RUiDhlVlwdBMxkEYPppr-GwBStEXP0bd3911gaZN99LHxkRjoDBA=w122-h92-k-no,GOOGLE,PENDING
aa557629-f54d-5901-9de7-fdde8068e028,970d89a1-db07-5428-ba99-112512d6dd82,https://lh3.googleusercontent.com/gps-cs-s/AHRPTWnLiFnxMtaxxvG97aEIWpcIEmlG-GlE-3hSkfPFkS2WEjJrvUNLaIjKKLWjmC0hL-iB-7saD23eHfzxWbH9_-fHYLSSBiVAvzWrZgL8asUx7YjWtYsoN2Z42j8uWnOiDr3pMioP3g=w122-h92-k-no,GOOGLE,PENDING
28520f35-2cd6-52b2-b630-47f408f80d96,004f35a2-d838-5355-b1a4-ba1a2d9debc3,https://lh3.googleusercontent.com/gps-cs-s/AHRPTWngAsaBeh5DBoNn_wwzlmSqnRdQnfpStBvDao0EHCIBfcYk7RHNwy6JXG3f1VeCPu5T5fy57I-KwTJEzzSPkxKyZznds_Sfq_o8de1DV8Wnm2Ww0HsM6liZrhDO__HaMvxGWmxHJwgtsII=w163-h92-k-no,GOOGLE,PENDING
e025a501-0426-5c90-8113-746671d90e41,82e45ee8-b875-5bb3-9f41-f96ae62993dc,https://lh3.googleusercontent.com/gps-cs-s/AHRPTWmsQ6u9SJ8ObWZh93eEQf7vKWB0f_QY7m1kbXn66AohcwSJ7Q6x7usMvOTY2e6CNK6m6uUx2A9AVcVaTEwPv1qQleGGQyygkBy_AA7pEeShUAdTbSQp6pAud6nFKOdSU98rXCCo=w122-h92-k-no,GOOGLE,PENDING
021cc2f8-6281-566f-a056-bfc6f53e6fe5,9da6035a-ddeb-5607-a0cf-5719cb6f44a7,https://lh3.googleusercontent.com/gps-cs-s/AHRPTWlLn4eBne4jmriu-OohxAdb9XF4xB8eJqcyk2DtBHwKR-qR00a6W3X3nTZfI_OGCeOsdFAyikX3gtVJ_hAvXyWAMQsQfn5AURyFfY6wM2pV2kL63lDctdpnGGYSxrqo_NcsyNAV=w122-h92-k-no,GOOGLE,PENDING
0878891a-fd2d-5d7f-acac-830c37566c2a,c00ee887-2603-5d58-bc6c-eb6e1b0b1bd6,https://lh3.googleusercontent.com/gps-cs-s/AHRPTWkOnkrRRfHPOyYeMCmWiiMWYq_6Hv-bLyz2iufiQS5Leabjze9UVUsLRtb5JRWKMuWth-y2_K_GlnRgBe_fZAUSQCIyN3UYL4d9gryj55qJOj7vOjW2rq7tgVN4EXXb8YnJ_7W_=w138-h92-k-no,GOOGLE,PENDING
3788af3e-342a-56fe-a168-b83ced7cb007,c429349b-f64a-555d-8874-407464387289,https://lh3.googleusercontent.com/gps-cs-s/AHRPTWnpEVKNS8DhyMiqIWi_4AaaTD3axuxJKe8d5Ka5E-xhlqhyUknaWB9KFxbz-3u6lUzTKFzKTczPC3p25gepqEqm9LPCpP4v7j1JX6FrLpwiQTxtEdJDHpyKZqn5ruEprbFbxm35=w122-h92-k-no,GOOGLE,PENDING
1fefec25-8af2-5e98-9152-40efd2d99000,0098bee2-5c4a-560a-aeb3-b43f6fb4c079,https://lh3.googleusercontent.com/gps-cs-s/AHRPTWmOZUPvtHnj2e2BO9mJg-8u_xe9qZFDbGnO9hrlm6wVajMk07k8yu9dolay_s5VuEi1DUIp3S-5lFgt7eQIHkTaX0nxMNa2umOS68dNhG_tLZamb66LH2hL_YrCbxHiMUTESmA=w122-h92-k-no,GOOGLE,PENDING
6e8f4e01-51f7-570f-9bd2-a9d966a08a8d,a7582b68-1b51-53ff-84a9-82e462cc0771,https://lh3.googleusercontent.com/gps-cs-s/AHRPTWkRWngWEpWlCtBvBCmr6z8TV_GZCm30tCmbs2P3jRW7Mngx_mPMNIS_Rhg-WwHbsIAr85tuWw1JlMWX0Zt88O6LYvTDfoAck6nn_vu5DPcSziddmoQc_01AyzARe3w5jxVKjvCY=w122-h92-k-no,GOOGLE,PENDING
889e588d-174c-5a50-831e-1c03a8bbad54,74176171-7242-5442-9217-6cf5a35866c9,https://lh3.googleusercontent.com/gps-cs-s/AHRPTWkr-e2gfaycal09wpCj2YUQvjghzv22mrPOc6WDnLyHngJ4-YwRbeB9BHrn0HKAiUDEdEks3dmmACb_uVBaL-8UxSiiGXbh-F1NRAfZU4GKTBrJd7DZLXrcOQ5IFELxz80avDXwN7VI1pS7=w80-h106-k-no,GOOGLE,PENDING
82b5baaf-0d2e-5bc1-aaab-8cb143847c9e,3662f421-c3e0-5307-a2b0-ef514005442b,https://lh3.googleusercontent.com/gps-cs-s/AHRPTWkPpdk7CvL2Vq2I3ga5atkExINAu97aukNYzlOsikT_rMimOBzdMIo688HLykly8zEwa_6NRD4fErW4BkOk0Fd1_EK7HTWV5cuIk5_JtWdizSwQf2WfCxOh6TqRKWDxcXfuq3M=w138-h92-k-no,GOOGLE,PENDING
61d1a006-06f1-5ed0-b64d-af1bc6fb73ab,03252fec-ccc5-5347-ae08-6bd21604bf50,https://lh3.googleusercontent.com/gps-cs-s/AHRPTWlaq4IAPY_dlROYYNODGVslm3No1D1PXKuCUIIuh_G0EfqRu5-LF9lv4yQlvp8W9AIeMWgZKu0ZUx8aBZA52H_0hGmoPC8YOp6o0AwNAbM4cVamrWU_werO_9JRdDUpw8DcCiQI=w122-h92-k-no,GOOGLE,PENDING
c229c25e-1500-595a-aea1-49a84c3d87c6,5c42ef60-385d-5e0c-9473-b03bae35052d,https://lh3.googleusercontent.com/gps-cs-s/AHRPTWndRKgxWNY99PMKlfDjNB05eRVfcHdgZBf7uV5eb92WzcJjTMPHZK1coneYG8sZ04lP6FuOUAjQaUD39mJwKjHa2twdubGo8EX0rZ2SM6V8Rmi4j9Ums5KxnqMpzUZkuuGYoT0=w122-h92-k-no,GOOGLE,PENDING
a49b380a-42d3-5f02-803b-73f5c65d6a6d,fcae72fd-9490-5894-9803-892cab008bf0,https://lh3.googleusercontent.com/gps-cs-s/AHRPTWmPmGrwcRPQ-cFmRYbdbuB6q74q5jErS7I-67KHnIcFms6RxZfvgUVeWlh-ywtNVqAQOwPFwZWj_oCTp0g_SVQDd2qpyQ6fNssuHp7zLFe2G-sDikhNPz7Fcftd2pwYFu0ohq7o=w163-h92-k-no,GOOGLE,PENDING
856384cd-04c9-50d5-a403-5ea6f0a22a38,e647c1e1-04b6-57fa-afec-0c5dc5378024,https://lh3.googleusercontent.com/gps-cs-s/AHRPTWnSuXz9Uca5VogVjHbW9vFscoSWfZbkL7ZFkfHye-l6RTJArDJGwyVF6fukdVo-UOse_VtbCqyTCm3Kw668BGBOJr98LHQcZVlw3U8FqYwaN8kkIln39mG6QxlU_776Z566JQk=w122-h92-k-no,GOOGLE,PENDING
8425f45d-fd9f-5f1a-889b-d9738e95d99b,33683444-5f2f-583b-8662-c70ae4073354,https://lh3.googleusercontent.com/gps-cs-s/AHRPTWlcQQDQJEne306vgXkc8jFZuEh2bPa1lzRmviFWhPff5KggBsV2Lgfqr6C8msvuqHtUD3vxYfhZiaVLGowDEGdkzeyMybj8lIuKbFvLa1fKBi6ytvoXQx2Z5svGKb0t4aK-NNDd=w122-h92-k-no,GOOGLE,PENDING
d34eaa78-aa6f-5501-89c3-4f0383be8633,8cf4ecb3-1575-5dec-8545-57595dce573b,https://lh3.googleusercontent.com/gps-cs-s/AHRPTWkUuFRp3GpFmKiLgN8D7-J-hxes3X4jKw-8x3R9nYW5ua8AOH-uXHxNeii9c60v6ZsWqhBTPO0yASId0iPn38VYIAJIVkV6Djy40SQ0HRhVqO2jvUdsxViR3T6tbK184kIcTqS4w1oTs6A_=w92-h92-k-no,GOOGLE,PENDING
6e3562e9-a8a6-5ebf-83a9-ab2f6bf1b23a,ceb11e12-4937-5602-9464-39d4902d95a2,https://lh3.googleusercontent.com/gps-cs-s/AHRPTWn_Q5pb6DOS0DSPtqybvLm6z7H_9MAv-zPH4fB8O26FApftwwZQs3JMX2DzwosWrSx9adsVaoAmYppsal10KVHH_QSKTGCnmlsMtZ6fRrtZL_k2BzEDEBgBACKNTZghUXmdqGoOFBTEjKJq=w122-h92-k-no,GOOGLE,PENDING
66d54bf7-0051-511d-a414-835cce4e8eff,595e47b7-97fe-57c9-931e-8624eda7c5ba,https://lh3.googleusercontent.com/gps-cs-s/AHRPTWlkdDjVbKk2A3elHp2TVgeNFPcDIObnQInHS853Db48oknblyHniJTWDzft3lSJtC5jczg_7S0iruRiyQgMpIO6Zfa3PGDH6QFtA6spBrtk2s9EzGAY5cPC9jeENk40BROiJLcfMA=w122-h92-k-no,GOOGLE,PENDING
6bef3227-764a-5f68-b48b-5162d8aaa445,2b95d5ca-0666-50c3-9a5a-ca0d571f46cc,https://lh3.googleusercontent.com/gps-cs-s/AHRPTWlZYaTDvQaLjD2N6CTP7KUCvi5OdCxn-5BJiQMVueOhELpsWQWjjyZR67EMdh_uE2eTzSGuElFcnGLklUyNGIxsIIP0C5DjMELrmrWMwwoI2rNlKbfVwJ3kueIa6zepIk5ippwa=w122-h92-k-no,GOOGLE,PENDING
97a200dc-9310-5d89-a0fd-4873b246a96f,f6fdaa12-d3dd-5fc4-93a5-5bd4ec5fcdbd,https://lh3.googleusercontent.com/gps-cs-s/AHRPTWnj9pPTXlLWocfbkv7mMtAHvQwUkopZwQRmo-BpUPGc9oKcc4g6-hb7GpnDiytUOVpNpOjZzPnlMlLZ5nrpfWyaPjvCwjVaio5B2GxzdqltJ4aDdR-OdXRDLaRqK2GRLzTat7XhSQ=w80-h106-k-no,GOOGLE,PENDING
d85112b6-06f7-51ef-b63a-3e2d4dc36e71,1275d7ad-ed0e-5f61-8727-a325909e035f,https://lh3.googleusercontent.com/gps-cs-s/AHRPTWnWiW-PEccfYnL1k-PY7aqUu9lw10vjuMEMKVI7UoeaZrzY6jJMqShqLO0K_58bFWKUYKUBLegZSBcs5dEH-l7lqHFEmo-PL8v-LxNx7bAF9pszPrACSPgoDKSOt6t2XVksnb_5=w122-h92-k-no,GOOGLE,PENDING
426ff13b-7c3c-52ba-8ddf-f3765b88fd08,a3599f17-903b-5337-9cdd-2c738ca9803d,https://lh3.googleusercontent.com/gps-cs-s/AHRPTWmiT57QmX8_yTlY5jjBY5YNCDSlJL5hIdWcYX-G6mXALadeJfte1baZBykiZdruadyKjL6zN3AjY34Xx58NWiBYt-VcH0VmqyWw0VwUmvKEVjX4H15-RzWDhrnnjIy9pA37T91G=w122-h92-k-no,GOOGLE,PENDING
2b3c2088-093c-5e91-808d-27e59197d2e3,4d2ebef2-7a60-5ec3-bc26-290764f5578c,https://lh3.googleusercontent.com/gps-cs-s/AHRPTWlXjxvcMqCbDZrFQnCADFHt8pV5x2KCfvgwwqoPEDXs-xOji2NPtdkXzlZ5NFXm-IfFga_F2IvbBcC8Kdap_0avT2Mcshamg-ol1UxJwoZEv7yTGdTvoqgHF8dJ3vhMwgVTiMYT0EUjSSX2=w122-h92-k-no,GOOGLE,PENDING
82dccb21-1c81-5ad9-85a0-65aa1976e324,54054cca-561f-5b1b-a422-3b0242230966,https://lh3.googleusercontent.com/gps-cs-s/AHRPTWkRv3U0YOzCZOGsJcCLMLvTNvYdvry_YxAqrz7abKtQl-LotemABrUZs5CR04pL3GPTB3G7heID-vXzwf1Td1MhpJUs-Jh4VTuEsZ-2Z9kZhrmhVsokVcF74-wZVrCc_ECt7SmoCg=w124-h92-k-no,GOOGLE,PENDING
eca6288c-cd6f-5f2c-9035-8ada21e6d79a,ee00b82d-5adf-578e-a98b-c2850e9aaa5c,https://lh3.googleusercontent.com/gps-cs-s/AHRPTWl29GtRBhZ-BexySLAcRnUBFe49iavtU9v8ES3a987KZ6NPTqWwmr7dvxvY7KY2kC3Mmrw962anAUj8LlZQBprHniRlfZ_jRpoTeNEXCLelc2COQq-BbiX_DOw6DsvsoT94Dr8=w163-h92-k-no,GOOGLE,PENDING
9a354115-bcdf-5b8b-bb04-4caf706e5903,58c6b1d3-cb21-55bc-b17e-9d385d07a01e,https://lh3.googleusercontent.com/gps-cs-s/AHRPTWlSGC7tfnRglKR95DZ1Qf-YzY_igM_YAgMGAS9C0L_g1hJyV1CqmSn7e3V4ndhPWYTcwKMOaZ2fL5ou7CpMGLwJNPAANe1jWc1I6HGeLwmCqr_2s91WnDD3kzy8NtB_H3WdpYQ=w80-h106-k-no,GOOGLE,PENDING
ddcfc661-c6fc-5973-b856-d455d4dcd2dd,951dd577-0041-5c51-a3c9-5868746b414b,https://lh3.googleusercontent.com/gps-cs-s/AHRPTWnRmrDNhZFi9xuhts7PCIuuZ9326jMfSZ2DKdIRWdU7tErrK5yO91233g2OCSnrpGRtNu1GDhcrY8WVoVmo8SN5EmKx4eLoeIgJDs9nwKjOixrSMBtyodT4A_bqzMsQ1KKBxJMO=w189-h92-k-no,GOOGLE,PENDING
920aa036-5ef7-571c-b2af-3e88131e81ae,7a12e33e-7485-5f11-adee-a002e7ad7bc1,https://lh3.googleusercontent.com/gps-cs-s/AHRPTWlnf7ehEHB-hIxvKPOZ29ogC0VMFmjJKXoolaP9mxXw7WTpkX9moN0GFjvrc4BCHH266vOmc7x5UmUv_q2TpiW9UBnb4mRWKnhabmRrtt62kn2dbiwwp1X3Ast4CYJrUfMlrBr0=w122-h92-k-no,GOOGLE,PENDING
a281a1ed-3bd2-5b9d-9e5c-587136d6c845,5dd91301-5651-5861-a96d-bb96093b604b,https://lh3.googleusercontent.com/gps-cs-s/AHRPTWmZfnQJpUH0McZlm4ERikVWCAhQ7ELcaxmEbGzYan-mBLMnabQBhboAaAOzUEuUjGyUXqL2GWWPnwkk6fc9_vslDUAfXokvb0bFoKbVboV3rFGJfO8CHuwbNU9InAt__5SiIlF-=w121-h92-k-no,GOOGLE,PENDING
f89c2da7-24f8-5082-a987-fe0107c655c3,46ebfd05-3c92-5652-99f2-cf21ad3183a0,https://lh3.googleusercontent.com/gps-cs-s/AHRPTWn51DBb4riZYIxofYYcZ5FZi6qzwYfcK-fO032VQiDrWErHG0ATNlXB63p9zz3Tc5t70JCUdGtK-sa7F48KYwjerEfdGlGLwsN8efgGgo3UcFawntu0X7mfittcVRI_KlWczDzon62OyUUc=w80-h120-k-no,GOOGLE,PENDING
37cb16af-e0d3-505e-a370-9c98f2b59704,fbaa4d68-0098-500f-8edc-0c58814d9750,https://lh3.googleusercontent.com/gps-cs-s/AHRPTWmQGaJl417Zx4nhJFcWWsuffGhLy4BtPCER61_byJs6_fDSVHvTs2TAHL1dqHOw7AeojW4ZrsoRoeuPeVGknyJqKVLuwCA07hEzSVyiMw01d3FsCHVJ1zTrwEFdMEXrsP_coZcJVkavmC5U=w80-h106-k-no,GOOGLE,PENDING
8d433153-3833-5fff-8be6-aadb54eb5ffe,324172e0-2e3b-5444-b669-db062b4eb33a,https://lh3.googleusercontent.com/gps-cs-s/AHRPTWmJNphIFNK6rOBdOZUyLzyQm8AJdushS8j3_UqFrRsIRxy2i3fsKwD2TfOo77q0DDUnEy2qhAguk0tIRDY7txcLG51evAeLPUVdjS8uJf_PUspZUV6XOluabP1d8TDeNDt-1QtqE5SMKLNU=w164-h92-k-no,GOOGLE,PENDING
f868a883-a326-5ebe-b4bb-4f45a72b61a5,4be38bde-40cc-505a-9089-8df26a95dec1,https://lh3.googleusercontent.com/gps-cs-s/AHRPTWnKopY0O8FhCTq47tvInIMnl-ParZkAAwxhlQa2hYBi3bM0aisAyTzxFnzWSqikxBj-cm6z-gxIy5tjo-ip8qhs9wnYZEzakQQQmMHcFWjbpRbu7u3fpG8l5T8kyXy2nCtqmDg=w122-h92-k-no,GOOGLE,PENDING
7cc5a1b1-cfe6-55f0-b64e-623736cbdde4,fa0eae63-f00f-5c2f-847e-b6709b1070ac,https://lh3.googleusercontent.com/gps-cs-s/AHRPTWkUNyO4L-dB4pUwCroeU1UV4kF9d2bl7i5e9hbN_JNCip1Q8yYBbfGOCWrdKvzvuShUsHxCcu8_b72l6o6bonDnEoDUe7awqK_Z9bM84-jkL_xIlc6p3DNw1Cpjxc3CjeHCnJu9=w122-h92-k-no,GOOGLE,PENDING
74d90ade-8755-5d9d-a307-196481d1e97e,676af583-18a2-5577-8df3-c9c564976ae2,https://lh3.googleusercontent.com/gps-cs-s/AHRPTWmUCpM4Hoethw1QD2BNo9ZzQb_7JiRwjVPHmWOLY3WqdGZcaH4LzkNLnxTndNejFE4yqeUNBYyOtwiXKFUrPTm2jlzGJhXR2wcFEbxoIrvmT46exdnMYqjPhu4ysv8ptGJYHVVjfw=w80-h106-k-no,GOOGLE,PENDING
e753a0d1-a82a-5537-a514-aa31e86943b3,552bd834-3bb0-5650-b3b9-77cc25b522d8,https://lh3.googleusercontent.com/gps-cs-s/AHRPTWlZ7Nh9rhRHBSTlDvsMaN_4HGkBBpFFFtz4piOT8cdcdRz-lAdF2ClkSUUlYpRz0uQWe7QLX35HbMmueWy3dYRBK6NvZrlc6WY5XqoFlApAre8__b7IXjgjKTvwbrbBwlfOOa3i=w92-h92-k-no,GOOGLE,PENDING
f07a90f1-bd4f-526a-800a-4d791c64a5e4,d45dfe5e-7fd8-581f-a56e-57fb0f133380,https://lh3.googleusercontent.com/gps-cs-s/AHRPTWmXsiSshjjAZTrLIeTdK4kXRtEMhf3zdtGWvDiLVYyEhIUZUYylJk7iGQezosaQ6S28n82CEkt3LuGTunk76swMHqy4cxjAyYsjp2f7oW6Ge7Lq8ZI_TC240PWV1z7veJrdhTIU=w138-h92-k-no,GOOGLE,PENDING
3ae1a9e9-f27d-53ea-9c1b-91c4cb9004fd,9846566c-51ae-51cf-81ca-262e09ae451c,https://lh3.googleusercontent.com/gps-cs-s/AHRPTWne1wDX96UQYQWtwLR8onvQY5UsC0d44yyhMH1ypwcXQEbM_WB_uIzjxrr5tWgnBLJzsZSZOFjPqjVoTA3HEOofLE2bzZHd3ooO36fa8KC8MAHNSBI_F20zko2f35T1XCEmqK87=w80-h106-k-no,GOOGLE,PENDING
1e0fda55-51fd-5264-9605-c98618d84c69,d119dfd8-913c-5825-bdaf-ff4fdc034b4a,https://lh3.googleusercontent.com/gps-cs-s/AHRPTWny0l5WLz0HZ6AndPxLULtwMS2g4DspxWb85-XAgtne8-16cO1s0nv3XI6Ef7PCKtQs6Yuqkg7TRsqwVo0K_Dv8gYNwB9WXNHOKu1lNXCgQ21abcoKGoYWD7BSCynvs_S3BPhwp=w122-h92-k-no,GOOGLE,PENDING
1b8623c5-dd4b-58e6-b081-a39bfb63d791,ecbfc94d-5334-53b7-a3e9-f0ef837356a9,https://lh3.googleusercontent.com/gps-cs-s/AHRPTWlZMJYVbNptagiBBTLQTnbn6RyAJhMuvqShSs7MoQZ3_uh4m7oFgDGt53wrpVjy8mVRgsKrnDWu4mzEBWs0MB7Aaw5oCrvF_R3CCyDet0XWS3MyVLpAZT1AOmbCdnXnhgW_o2tQ=w122-h92-k-no,GOOGLE,PENDING
71cfb0c6-3831-5b11-a456-82e289022af4,fc4303c5-96cc-5e73-9693-2e32c1beb026,https://lh3.googleusercontent.com/gps-cs-s/AHRPTWmq5OpXT2tQkzZsqnZd-aVEehybZg60wW7a8Pb3f8GrxVwm-gXzPPuD-bwpoPmuYHcOF2MKlvBg-9di3i67DuZnG4bIMeTQyYJNEvJsZeXD6d_zBZqKqh4hIdmov1M8udgiv9kClg=w197-h92-k-no,GOOGLE,PENDING
465dc947-6c25-568b-be93-b05957c39a45,c9a80b92-b6e5-5101-bc47-88d77ed7a91e,https://lh3.googleusercontent.com/gps-cs-s/AHRPTWmeiM9QQe-o5jS7T07mIyDcldfBpinvmCQHqXjQ7i2Pkhotx7Z8aI-FOmVhJufub62CUr4PXv1eaFXEapTES_uU-K7UT4CAMJnh7ReaPPSWaTpBN6D98y3hiDOPqsqzDM6Yzm4s=w122-h92-k-no,GOOGLE,PENDING
fd1a5bd4-0a85-5c7e-8cd0-61321aa07429,7bbd6b2d-ed06-55c4-b97d-5bb576361ef7,https://lh3.googleusercontent.com/gps-cs-s/AHRPTWkJLNEMTmqta7Ep81nq2pCjtPMBEmTurPZDjIymV7rf1d_tXHFRCn2x4kKS0TFM4NBKUZsp0u_erL6t7JCKSCsCgh5UoJkm1vaqp0hOpIP3Cu4r3lwwjKNtktbmYIETlKJXrc5k=w122-h92-k-no,GOOGLE,PENDING
5b70bfc0-3c3e-53b0-a696-e689aa38789f,0d158e89-0f15-5917-9a6f-77a2ac3c4a1f,https://lh3.googleusercontent.com/gps-cs-s/AHRPTWnwVczmMNX3_jVXpjyqI4sxkRxGZGr9-EmusvSNazU2DOmH9QdUo4vkYonBJKVgIDNDHYfqVCm5l9oousIX2ZccCgPmGmrIkR8hpMYhkXUpPopk1CrLya4WKcswfVsTyqBJ-d1WCA=w138-h92-k-no,GOOGLE,PENDING
df7de16e-bc7a-5c00-98b1-a123b29075f4,344b9bf0-9de6-5181-83e2-e2549284efde,https://lh3.googleusercontent.com/gps-cs-s/AHRPTWlBOb_hjelCJeNYsOavL4EzvongV9FqMcXQ8H0-OS0ZGCvpXd87ZOmy_Kg9jhqrgqoo4KHZO100zIFDE9O-8gbNeZw8umTDjba-cfZhQYzT9SUi2_gyH0EDsy0s7jeL0QqS-Yp6=w122-h92-k-no,GOOGLE,PENDING
66d33026-833c-5131-8867-ecf24e257aef,a49e8bfb-87c0-56f3-b131-cd1b9356b32d,https://lh3.googleusercontent.com/gps-cs-s/AHRPTWmBQ6OsmUcmlcj2QIF22rQ605yuRLo0jtbAWvH3e_I4dQM640IBYYPc0x3cJY0SR4hscbIqy-oUnbdM0NdgUVfOVkZCVV-3w8kT3XElVEPLzDdpH-BBaHgGoBm-EAW9wSCpO5gx7A=w80-h142-k-no,GOOGLE,PENDING
7220f326-e755-5231-94c9-89a1a0ea1740,03ffa125-9f2f-5b91-8223-0335a5ff78d3,https://lh3.googleusercontent.com/gps-cs-s/AHRPTWl5YdqBG6vdbg5gq9wqJPkau_UZHjFDcdrUYd5qQBXMikom3vb3A1C1M7EgCH5naeJ3GWBbRIs-9V5LUQoNelLTEZJMfwsguF01-vixC7zQyNRfGHWwvmCKsiRbMSktajcWlEwasw=w122-h92-k-no,GOOGLE,PENDING
8e6b2da7-ad2c-508f-8eff-482a5dc24626,8edb8704-90a9-5783-bd84-45d69d04b76b,https://lh3.googleusercontent.com/gps-cs-s/AHRPTWmi2HyaJS73fOTHZcL2yfSS-DGY9tuFixeyGrCLE6oOcWerwv0OfixHJrhX_svyfAn8KiuhzxaM8-f4Iu3kShl5RmZOxH61qTjYwQqHAMTQ5VjxW1EM7hdc8mdVtwsyq707Jn8CNQ=w138-h92-k-no,GOOGLE,PENDING
06d2ee03-5983-5035-a315-307def66a2f1,b2c2bf55-97b5-5e9c-960a-bc7945b1bc26,https://lh3.googleusercontent.com/gps-cs-s/AHRPTWnHLEzULbzKtV7N3RBa85Xs7HAT2eAhu6ByZg2eSGm5-w-FgOsZi3I56jzPL2KK3vTZEHf8ily3KQgb9pAodTM1VpUNe4DF4_AMz4klQmrdKHYzgaqT16Tq5SS1LPnb_lnHA4xK5A=w80-h106-k-no,GOOGLE,PENDING
2c08e2f4-664f-5654-93d0-164ac6f39764,6321d715-7961-5416-a0ac-16cd233488ad,https://lh3.googleusercontent.com/gps-cs-s/AHRPTWkjvUyk1i2Asgt_L3kuvgjUTX14xw3L5DyGqAxeK_w1yiq8scnRbmf9M3Ys_eXsdOB0yicaLANlk0HB0thxZRUQ4KR6ofnyEVRVFLAAAadjfbTMbREjCTmhcTouZrSrM8gcqHWL-MwXZvM=w163-h92-k-no,GOOGLE,PENDING
53a608ee-0533-51ba-a059-c00a6a95e80e,c430db4d-21d5-555d-a76d-df1b870f4db6,https://lh3.googleusercontent.com/gps-cs-s/AHRPTWnCJIrFytqvkUhyPqS0mM5aQWAhKTUR_wPnanxjLiXyJ_ZB97mMoO6maB58PRfY2jTZ4B4cVasLxjEkHdQ0aWBmSQiFl__HpbH-2rgN3RGAsWkIauBgwXkQfLl1YpoC8jovWAxd=w122-h92-k-no,GOOGLE,PENDING
36ef4522-1dc0-516a-9e69-72eb41bce06c,3de02aee-b41a-51af-a68e-28aa5533682f,https://lh3.googleusercontent.com/gps-cs-s/AHRPTWkD9zweNtK9t9WeAz_BzP0hXjM5fEIFsZoVYUxhwGczlWHJMZj3MVVraZdLzf2PyCunA9PiNIl3khiWgbNIRxli_BaWFxQw9fVdby9iaTA09AB0CxLLbGkrSHHpiUC3pSkaQN_XFaHWsAmF=w204-h92-k-no,GOOGLE,PENDING
e2faaf44-917f-5b17-95fe-dd181ebdf277,c9db7622-6e78-523d-b56b-56ebf5a392d1,https://lh3.googleusercontent.com/gps-cs-s/AHRPTWnMzIhyhn5PHDhtOMmn_uYBXQknjLNKf5CHxWGy6-VWOilarMCG5sLn6BX6ibuvc8FE15hLKNMKjDFCFD1GsYrq_-H2ngNnNuMkO55K-LtCK6KTajaRBxL2VmDfHkhh80R1Ybh0JQ=w163-h92-k-no,GOOGLE,PENDING
8fbe7452-1a41-577c-ae93-96356764b61a,16c6c3ee-70ef-548e-9d08-eadb08b74a57,https://lh3.googleusercontent.com/gps-cs-s/AHRPTWkJatuLFNzrFbeAJxhZ2xdBg3UoxZXssfOztHdaXF0Ora6RdOaWEJ6rfdyU7CljozM9BNzNazHITtstgjqOto0kiBFMZ53_8c7NEq4Wd0Rae8zzzKOcTD5bTr5QlLtpf8zGlv6f5A=w155-h92-k-no,GOOGLE,PENDING
e9e2544d-4974-53f7-8326-e9be0c1cd649,162f44e2-9a74-5c72-aabe-303d4c675712,https://lh3.googleusercontent.com/gps-cs-s/AHRPTWn4inKtpVb0gNC313lISSXxYozGtTQMHkijwEgHhJEoNl_QwNJEL0E_j0Kaa9vV4TkqQKTDe6DEoqSlvkb_5u0I4gb3bZZoM3v-OqPpdBlRb0IX85WY6nP-V4aCnClrJ4Wjed04=w163-h92-k-no,GOOGLE,PENDING
5cd2edfd-c707-5ccf-a090-721c627f25ed,2886b6e5-ad71-5479-822b-007145d3e65c,https://lh3.googleusercontent.com/gps-cs-s/AHRPTWlaeeGbFxmyc2ocuWrbobUhjwK2rcDzC8PZGlVTLb9aFa-_N9xlLEzTII9cg8-RoMkr7E9Bps0pZMDsOOZQeA4Ai-gBA8XafiqbMSBkqVIrLXBKzWDMmZ-XR7rSUTUBvPZRlSlAug=w138-h92-k-no,GOOGLE,PENDING